<?xml version="1.0" encoding="UTF-8"?>
<project name="AIDAdapterConfigLibraryTasks" basedir="." default="usage">

 <property environment="env"/>
    <property name="AIA_HOME" value="${env.AIA_HOME}"/>
    <property name="SOA_HOME" value="${env.SOA_HOME}"/>
    <property name="MW_HOME" value="${env.MW_HOME}"/>
    <property name="AIA_ALT_SERVICES" value="${env.AIA_ALT_SERVICES}"/>
    
	<xmlproperty file="${PropertiesFile}" keeproot="false"/>	
	<xmlproperty file="${AIA_HOME}/aia_instances/${aiainstance.name}/config/AIAInstallDefaultProperties.xml" keeproot="false"/>		  

	<taskdef resource="net/sf/antcontrib/antcontrib.properties"/>			  
    <import file="${AIA_HOME}/Infrastructure/Install/AID/lib/AIDDeploymentLibraryTasks.xml"/> 	  		  


<macrodef name="DbAdapter" description="Macro to configure Db Adapater JNDIs">
 <Attribute name="connection-instance-jndi" />
 <Attribute name="datasource-jndi" />
 <Attribute name="xa-enabled" default="false"/>
 <Attribute name="wlserver" default="null" />
 <Attribute name="action" default="null" />
 <sequential>
    
	  <if>
      <equals arg1="@{xa-enabled}" arg2="true"/>
      <then>
        <var name="datasource" value=""/>
		<var name="xaDatasource" value="@{datasource-jndi}"/>
      </then>
	  <elseif> 
		<equals arg1="@{xa-enabled}" arg2="false"/>
		<then>
			<var name="datasource" value="@{datasource-jndi}"/>
			<var name="xaDatasource" value=""/>
        </then>
	  </elseif>
	  <else>
	    <echo> Invalid value passed for xa-enabled in adapter configurations in ${DeploymentPlan} </echo>
	  </else>
     </if>
     <var name="connection-instance" value="@{connection-instance-jndi}" />

	 <!-- Verify if there is already an existing rar deployed on the server -->
	  <if> 
	    <not>
			<available file="${dbadapter.rarFileLocationInAIAInstance}"/>
        </not>   
	 	<then>
			<copy file="${dbadapter.templateLocation}" tofile="${dbadapter.rarFileLocationInAIAInstance}"/>
	             <unjar src="${dbadapter.rarFileLocationInAIAInstance}"  dest="${dbadapter.fileLocationInAIAInstance}"/>
	    </then>  
		<else>
		  <unjar src="${dbadapter.rarFileLocationInAIAInstance}"  dest="${dbadapter.fileLocationInAIAInstance}"/>
		</else>
      </if> 
	  <delete file="${dbadapter.fileLocationInAIAInstance}/META-INF/MANIFEST.MF" failonerror="false"/>
 <if>	
    <equals arg1="@{action}" arg2="create" />
     <then>	
		<loadfile property="dbadapter.weblogic-ra-file" srcFile="${dbadapter.fileLocationInAIAInstance}/META-INF/weblogic-ra.xml"/>
	   <if> 
         <contains string="${dbadapter.weblogic-ra-file}" substring="@{connection-instance-jndi}" /> 
		    <then>
			  <var name="adapterUpdated" value="false" />
		      <echo> @{connection-instance-jndi} connection instance already created in DB Adapter. Skipping this connection instance configuration </echo>
            </then>  
		  <else> 
				  
		  	  <tempfile property="aiddbadapter.tempfile" destdir="${application.tmpdir}"  prefix="AIDDBAdapter" suffix=".xsl"/>
			   <concat destfile="${aiddbadapter.tempfile}">
					<header filtering="no" trimleading="yes">
					</header>	
					<path path="${dbadapter.updateXSLtmpl}"/>
					<filterchain>
						<expandproperties/>
					</filterchain>
        	   </concat>
              <xslt style="${aiddbadapter.tempfile}" in="${dbadapter.fileLocationInAIAInstance}/META-INF/weblogic-ra.xml" out="${application.tmpdir}/tempweblogic-ra.xml" />
     		  
	         <delete file="${dbadapter.fileLocationInAIAInstance}/META-INF/weblogic-ra.xml" />
			 <move file="${application.tmpdir}/tempweblogic-ra.xml" tofile="${dbadapter.fileLocationInAIAInstance}/META-INF/weblogic-ra.xml" />
			<delete file="${aiddbadapter.tempfile}" />
			  <var name="adapterUpdated" value="true" />
		  </else> 
		</if>
	 </then>
    <elseif>
       <equals arg1="@{action}" arg2="delete" />
        <then>
			<loadfile property="dbadapter.weblogic-ra-file" srcFile="${dbadapter.fileLocationInAIAInstance}/META-INF/weblogic-ra.xml"/>
	       <if> 
		      <not>
				<contains string="${dbadapter.weblogic-ra-file}" substring="@{connection-instance-jndi}" /> 
			 </not>
				<then>
				 <var name="adapterUpdated" value="false" />
				  <echo> @{connection-instance-jndi} is not created in DB Adapter. Not deleting this configuration. </echo>
				</then>  
			  <else> 
				  <tempfile property="aiddbadapter.tempfile" destdir="${application.tmpdir}"  prefix="AIDDBAdapter" suffix=".xsl"/>
				   <concat destfile="${aiddbadapter.tempfile}">
						<header filtering="no" trimleading="yes">
						</header>	
						<path path="${dbadapter.removeXSLtmpl}"/>
						<filterchain>
							<expandproperties/>
						</filterchain>
				   </concat>
				<xslt style="${aiddbadapter.tempfile}" in="${dbadapter.fileLocationInAIAInstance}/META-INF/weblogic-ra.xml" out="${application.tmpdir}/tempweblogic-ra.xml" />
			
				 <delete file="${dbadapter.fileLocationInAIAInstance}/META-INF/weblogic-ra.xml" />
				 <move file="${application.tmpdir}/tempweblogic-ra.xml" tofile="${dbadapter.fileLocationInAIAInstance}/META-INF/weblogic-ra.xml" />
				<delete file="${application.tmpdir}/tempweblogic-ra.xml" />
				<delete file="${aiddbadapter.tempfile}" />
				 <var name="adapterUpdated" value="true" />
			  </else> 
			</if>
		</then>
    </elseif>	
    <elseif> 
       <equals arg1="@{action}" arg2="no-action" />
	   <then>
        <echo message="No-action has been selected due to the condition specified in the policy file for the DbAdapter"></echo>
	   </then>
   </elseif>
     
	<else>
		<fail message="Please specify a valid value for action attribute in DBAdapter which is either 'create' or 'delete' or 'no-action'"/>
	</else>	
  </if>	 
  
  <if>
     <not>
	   <equals arg1="${adapterUpdated}" arg2="false" />
	  </not>
       <then>  	  
		<jar destfile="${dbadapter.rarFileLocationInAIAInstance}.bac" basedir="${dbadapter.fileLocationInAIAInstance}"/>
		<move file="${dbadapter.rarFileLocationInAIAInstance}.bac" tofile="${dbadapter.rarFileLocationInAIAInstance}"/>
		<!--Undeploy existing ear if any -->
	    <if>
		   <available file="${dbadapter.rarFileLocationInAIAInstance}" type="file" />
		   <then>
				  <Application name="${dbadapter.appName}" wlserver="@{wlserver}" failonerror="false"
                                action="undeploy"/>
				<sleep seconds="30" />
		   </then>
		</if>

	     <Application wlserver="@{wlserver}" failonerror="true" name="${dbadapter.appName}" 
						filelocation="${dbadapter.fileLocationInAIAInstance}" action="deploy"/>
       </then>
   </if>
	<delete dir="${dbadapter.fileLocationInAIAInstance}"/>	   
	<var name="dbadapter.weblogic-ra-file" unset="true"/>
 </sequential>
</macrodef>


<macrodef name="OracleAppsAdapter" description="Macro to configure Oracle Apps Adapater JNDIs">
 <Attribute name="connection-instance-jndi" />
 <Attribute name="datasource-jndi" />
 <Attribute name="xa-enabled" default="false"/>
 <Attribute name="wlserver" default="null" />
 <Attribute name="action" default="null" />
 <sequential>
    
	  <if>
      <equals arg1="@{xa-enabled}" arg2="true"/>
      <then>
        <var name="datasource" value=""/>
		<var name="xaDatasource" value="@{datasource-jndi}"/>
      </then>
	  <elseif> 
		<equals arg1="@{xa-enabled}" arg2="false"/>
		<then>
			<var name="datasource" value="@{datasource-jndi}"/>
			<var name="xaDatasource" value=""/>
        </then>
	  </elseif>
	  <else>
	    <echo> Invalid value passed for xa-enabled in adapter configurations in ${DeploymentPlan} </echo>
	  </else>
     </if>
     <var name="connection-instance" value="@{connection-instance-jndi}" />

	 <!-- Verify if there is already an existing rar deployed on the server -->
	  <if> 
	    <not>
			<available file="${oracleappsadapter.rarFileLocationInAIAInstance}"/>
        </not>   
	 	<then>
		  <copy file="${oracleappsadapter.templateLocation}" tofile="${oracleappsadapter.rarFileLocationInAIAInstance}"/>
	          <unjar src="${oracleappsadapter.rarFileLocationInAIAInstance}"  dest="${oracleappsadapter.fileLocationInAIAInstance}"/>
	    </then> 
		<else>
		  <unjar src="${oracleappsadapter.rarFileLocationInAIAInstance}"  dest="${oracleappsadapter.fileLocationInAIAInstance}"/>
		</else> 
      </if> 
	  <delete file="${oracleappsadapter.fileLocationInAIAInstance}/META-INF/MANIFEST.MF" failonerror="false"/>	  
 <if>	
    <equals arg1="@{action}" arg2="create" />
     <then>	
		<loadfile property="oracleappsadapter.weblogic-ra-file" srcFile="${oracleappsadapter.fileLocationInAIAInstance}/META-INF/weblogic-ra.xml"/>
	   <if> 
         <contains string="${oracleappsadapter.weblogic-ra-file}" substring="@{connection-instance-jndi}" /> 
		    <then>
			  <var name="adapterUpdated" value="false" />
		      <echo> @{connection-instance-jndi} connection instance already created in Oracle Apps Adapter. Skipping this connection instance configuration </echo>
            </then>  
		  <else> 
				  
		  	  <tempfile property="aidoracleappsadapter.tempfile" destdir="${application.tmpdir}"  prefix="AIDOracleAppsAdapter" suffix=".xsl"/>
			   <concat destfile="${aidoracleappsadapter.tempfile}">
					<header filtering="no" trimleading="yes">
					</header>	
					<path path="${oracleappsadapter.updateXSLtmpl}"/>
					<filterchain>
						<expandproperties/>
					</filterchain>
        	   </concat>
              <xslt style="${aidoracleappsadapter.tempfile}" in="${oracleappsadapter.fileLocationInAIAInstance}/META-INF/weblogic-ra.xml" out="${application.tmpdir}/tempweblogic-ra.xml" />
     		  
	         <delete file="${oracleappsadapter.fileLocationInAIAInstance}/META-INF/weblogic-ra.xml" />
			 <move file="${application.tmpdir}/tempweblogic-ra.xml" tofile="${oracleappsadapter.fileLocationInAIAInstance}/META-INF/weblogic-ra.xml" />
			<delete file="${aidoracleappsadapter.tempfile}" />
			  <var name="adapterUpdated" value="true" />
		  </else> 
		</if>
	 </then>
    <elseif>
       <equals arg1="@{action}" arg2="delete" />
        <then>
			<loadfile property="oracleappsadapter.weblogic-ra-file" srcFile="${oracleappsadapter.fileLocationInAIAInstance}/META-INF/weblogic-ra.xml"/>
	       <if> 
		      <not>
				<contains string="${oracleappsadapter.weblogic-ra-file}" substring="@{connection-instance-jndi}" /> 
			 </not>
				<then>
				 <var name="adapterUpdated" value="false" />
				  <echo> @{connection-instance-jndi} is not created in Oracle Apps Adapter. Not deleting this configuration. </echo>
				</then>  
			  <else> 
				  <tempfile property="aidoracleappsadapter.tempfile" destdir="${application.tmpdir}"  prefix="AIDOracleAppsAdapter" suffix=".xsl"/>
				   <concat destfile="${aidoracleappsadapter.tempfile}">
						<header filtering="no" trimleading="yes">
						</header>	
						<path path="${oracleappsadapter.removeXSLtmpl}"/>
						<filterchain>
							<expandproperties/>
						</filterchain>
				   </concat>
				<xslt style="${aidoracleappsadapter.tempfile}" in="${oracleappsadapter.fileLocationInAIAInstance}/META-INF/weblogic-ra.xml" out="${application.tmpdir}/tempweblogic-ra.xml" />
			
				 <delete file="${oracleappsadapter.fileLocationInAIAInstance}/META-INF/weblogic-ra.xml" />
				 <move file="${application.tmpdir}/tempweblogic-ra.xml" tofile="${oracleappsadapter.fileLocationInAIAInstance}/META-INF/weblogic-ra.xml" />
				<delete file="${application.tmpdir}/tempweblogic-ra.xml" />
				<delete file="${aidoracleappsadapter.tempfile}" />
				 <var name="adapterUpdated" value="true" />
			  </else> 
			</if>
		</then>
    </elseif>	
    <elseif> 
       <equals arg1="@{action}" arg2="no-action" />
	   <then>
        <echo message="No-action has been selected due to the condition specified in the policy file for the OracleAppsAdapter"></echo>
	   </then>
   </elseif>
     
	<else>
		<fail message="Please specify a valid value for action attribute in OracleAppsAdapter which is either 'create' or 'delete' or 'no-action'"/>
	</else>	
  </if>	 
  
  <if>
     <not>
	   <equals arg1="${adapterUpdated}" arg2="false" />
	  </not>
       <then>  	  
		<jar destfile="${oracleappsadapter.rarFileLocationInAIAInstance}.bac" basedir="${oracleappsadapter.fileLocationInAIAInstance}"/>
		<move file="${oracleappsadapter.rarFileLocationInAIAInstance}.bac" tofile="${oracleappsadapter.rarFileLocationInAIAInstance}"/>

		<!--Undeploy existing ear if any -->
	    <if>
		   <available file="${oracleappsadapter.rarFileLocationInAIAInstance}" type="file" />
		   <then>
				  <Application name="${oracleappsadapter.appName}" wlserver="@{wlserver}" failonerror="false"
                                action="undeploy"/>
				<sleep seconds="30" />
		   </then>
		</if>
	     <Application wlserver="@{wlserver}" failonerror="true" name="${oracleappsadapter.appName}" 
						filelocation="${oracleappsadapter.fileLocationInAIAInstance}" action="deploy"/>
       </then>
   </if>
	<delete dir="${oracleappsadapter.fileLocationInAIAInstance}"/>
	<var name="oracleappsadapter.weblogic-ra-file" unset="true"/>	   
 </sequential>
</macrodef>

<macrodef name="JmsAdapter" description="Macro to configure JMS Adapater JNDIs">
 <Attribute name="wlserver" default="null" />
 <Attribute name="action" default="null" />
 <Attribute name="jndi-name" />
 <Attribute name="connection-fac-Location" />
 <Attribute name="isTopic" />
 <Attribute name="processName" default="null"/>
 <Attribute name="isTransacted" />
	
 <sequential>
    
	  <var name="connFacLoc" value="@{connection-fac-Location}" />
       <var name="jndiname" value="@{jndi-name}" />
       <var name="IsTopic" value="@{isTopic}" />
       <var name="IsTransacted" value="@{isTransacted}" />
	<if>
		<and>	
			<equals arg1="@{isTopic}" arg2="true"/>
			<not>
				<equals arg1="@{processName}" arg2="null"/>
			</not>
		</and>
		
	<then>
		<var name="clientId" value="ClientID=@{processName}Client" />
	</then>
	<else>
		<var name="clientId" value="" />
	</else>
	</if>

	 <!-- Verify if there is already an existing rar deployed on the server -->
	  <if> 
	    <not>
			<available file="${jmsadapter.rarFileLocationInAIAInstance}"/>
        </not>   
	 	<then>
		  <copy file="${jmsadapter.templateLocation}" tofile="${jmsadapter.rarFileLocationInAIAInstance}"/>
             	  <unjar src="${jmsadapter.rarFileLocationInAIAInstance}"  dest="${jmsadapter.fileLocationInAIAInstance}"/>
	    </then>  
		<else>
		  <unjar src="${jmsadapter.rarFileLocationInAIAInstance}"  dest="${jmsadapter.fileLocationInAIAInstance}"/>
		</else>
      </if> 
	  <delete file="${jmsadapter.fileLocationInAIAInstance}/META-INF/MANIFEST.MF" failonerror="false"/>	  
 <if>	
    <equals arg1="@{action}" arg2="create" />
     <then>	
		<loadfile property="jmsadapter.weblogic-ra-file" srcFile="${jmsadapter.fileLocationInAIAInstance}/META-INF/weblogic-ra.xml"/>
	   <if> 
         <contains string="${jmsadapter.weblogic-ra-file}" substring="@{connection-fac-Location}" /> 
		    <then>
			  <var name="adapterUpdated" value="false" />
		      <echo> @{connection-fac-Location} connection instance already created in JMS Adapter. Skipping this connection instance configuration </echo>
            </then>  
		  <else> 
				  
		  	  <tempfile property="aidjmsadapter.tempfile" destdir="${application.tmpdir}"  prefix="AIDJMSAdapterConfig" suffix=".xsl"/>
			   <concat destfile="${aidjmsadapter.tempfile}">
					<header filtering="no" trimleading="yes">
					</header>	
					<path path="${jmsadapter.updateXSLtmpl}"/>
					<filterchain>
						<expandproperties/>
					</filterchain>
        	   </concat>
              <xslt style="${aidjmsadapter.tempfile}" in="${jmsadapter.fileLocationInAIAInstance}/META-INF/weblogic-ra.xml" out="${application.tmpdir}/tempweblogic-ra.xml" />
	    
	         <delete file="${jmsadapter.fileLocationInAIAInstance}/META-INF/weblogic-ra.xml" />
			 <move file="${application.tmpdir}/tempweblogic-ra.xml" tofile="${jmsadapter.fileLocationInAIAInstance}/META-INF/weblogic-ra.xml" />
			<delete file="${application.tmpdir}/tempweblogic-ra.xml" />
			<delete file="${aidjmsadapter.tempfile}" />
			  <var name="adapterUpdated" value="true" />
		  </else> 
		</if>
	 </then>
    <elseif>
       <equals arg1="@{action}" arg2="delete" />
        <then>
			<loadfile property="jmsadapter.weblogic-ra-file" srcFile="${jmsadapter.fileLocationInAIAInstance}/META-INF/weblogic-ra.xml"/>
	       <if> 
		      <not>
				<contains string="${jmsadapter.weblogic-ra-file}" substring="@{connection-fac-Location}" /> 
			 </not>
				<then>
				 <var name="adapterUpdated" value="false" />
				  <echo> @{connection-fac-Location} is not created in JMS Adapter. Not deleting this configuration. </echo>
				</then>  
			  <else> 
				  <tempfile property="aidjmsadapter.tempfile" destdir="${application.tmpdir}"  prefix="AIDJMSAdapterConfig" suffix=".xsl"/>
				   <concat destfile="${aidjmsadapter.tempfile}">
						<header filtering="no" trimleading="yes">
						</header>	
						<path path="${jmsadapter.removeXSLtmpl}"/>
						<filterchain>
							<expandproperties/>
						</filterchain>
				   </concat>
				<xslt style="${aidjmsadapter.tempfile}" in="${jmsadapter.fileLocationInAIAInstance}/META-INF/weblogic-ra.xml" out="${application.tmpdir}/tempweblogic-ra.xml" />
			
				 <delete file="${jmsadapter.fileLocationInAIAInstance}/META-INF/weblogic-ra.xml" />
				 <move file="${application.tmpdir}/tempweblogic-ra.xml" tofile="${jmsadapter.fileLocationInAIAInstance}/META-INF/weblogic-ra.xml" />
				<delete file="${application.tmpdir}/tempweblogic-ra.xml" />
				<delete file="${aidjmsadapter.tempfile}" />
			  <var name="adapterUpdated" value="true" />
			  </else> 
			</if>
		</then>
    </elseif>	
    <elseif> 
     <equals arg1="@{action}" arg2="no-action" />
	   <then>
        <echo message="No-action has been selected due to the condition specified in the policy file for the JMSAdapter"></echo>
	   </then>
   </elseif>
   
	<else>
		<fail message="Please specify a valid value for action attribute in JmsAdapter tag which is either 'create' or 'delete' or 'no-action'"/>
	</else>	
  </if>	 
  
  <if>
     <not>
	   <equals arg1="${adapterUpdated}" arg2="false" />
	  </not>
       <then>  	  
		<jar destfile="${jmsadapter.rarFileLocationInAIAInstance}.bac" basedir="${jmsadapter.fileLocationInAIAInstance}"/>
		<move file="${jmsadapter.rarFileLocationInAIAInstance}.bac" tofile="${jmsadapter.rarFileLocationInAIAInstance}"/>

		<!--Undeploy existing ear if any -->
	    <if>
		   <available file="${jmsadapter.rarFileLocationInAIAInstance}" type="file" />
		   <then>
				  <Application name="${jmsadapter.appName}" wlserver="@{wlserver}" failonerror="false"
                                action="undeploy"/>
				<sleep seconds="30" />
           </then>
		</if>

	   <Application wlserver="@{wlserver}" failonerror="true" name="${jmsadapter.appName}" 
						filelocation="${jmsadapter.fileLocationInAIAInstance}" action="deploy"/>
       </then>
   </if>	
	<delete dir="${jmsadapter.fileLocationInAIAInstance}"/>   
	<var name="jmsadapter.weblogic-ra-file" unset="true"/>	   
 </sequential>
</macrodef>


<macrodef name="AqAdapter" description="Macro to configure AQ Adapater JNDIs">
 <Attribute name="connection-instance-jndi" />
 <Attribute name="datasource-jndi" />
 <Attribute name="xa-enabled" default="false"/>
 <Attribute name="wlserver" default="null" />
 <Attribute name="action" default="null" />
 <sequential>
    
	  <if>
      <equals arg1="@{xa-enabled}" arg2="true"/>
      <then>
        <var name="datasource" value=""/>
		<var name="xaDatasource" value="@{datasource-jndi}"/>
      </then>
	  <elseif> 
		<equals arg1="@{xa-enabled}" arg2="false"/>
		<then>
			<var name="datasource" value="@{datasource-jndi}"/>
			<var name="xaDatasource" value=""/>
        </then>
	  </elseif>
	  <else>
	    <echo> Invalid value passed for xa-enabled in adapter configurations in ${DeploymentPlan} </echo>
	  </else>
     </if>
     <var name="connection-instance" value="@{connection-instance-jndi}" />

	 <!-- Verify if there is already an existing rar deployed on the server -->
  <if> 
	    <not>
			<available file="${aqadapter.rarFileLocationInAIAInstance}"/>
        </not>   
	 	<then>
		  <copy file="${aqadapter.templateLocation}" tofile="${aqadapter.rarFileLocationInAIAInstance}"/>
	          <unjar src="${aqadapter.rarFileLocationInAIAInstance}"  dest="${aqadapter.fileLocationInAIAInstance}"/>
	    </then> 
		<else>
		  <unjar src="${aqadapter.rarFileLocationInAIAInstance}"  dest="${aqadapter.fileLocationInAIAInstance}"/>
		</else> 
      </if> 
	  <delete file="${aqadapter.fileLocationInAIAInstance}/META-INF/MANIFEST.MF" failonerror="false"/>	  
 <if>	
    <equals arg1="@{action}" arg2="create" />
     <then>	
		<loadfile property="aqadapter.weblogic-ra-file" srcFile="${aqadapter.fileLocationInAIAInstance}/META-INF/weblogic-ra.xml"/>
	   <if> 
         <contains string="${aqadapter.weblogic-ra-file}" substring="@{connection-instance-jndi}" /> 
		    <then>
			  <var name="adapterUpdated" value="false" />
		      <echo> @{connection-instance-jndi} connection instance already created in AQ Adapter. Skipping this connection instance configuration </echo>
            </then>  
		  <else> 
				  
		  	  <tempfile property="aidaqadapter.tempfile" destdir="${application.tmpdir}"  prefix="AIDaqAdapter" suffix=".xsl"/>
			   <concat destfile="${aidaqadapter.tempfile}">
					<header filtering="no" trimleading="yes">
					</header>	
					<path path="${aqadapter.updateXSLtmpl}"/>
					<filterchain>
						<expandproperties/>
					</filterchain>
        	   </concat>
              <xslt style="${aidaqadapter.tempfile}" in="${aqadapter.fileLocationInAIAInstance}/META-INF/weblogic-ra.xml" out="${application.tmpdir}/tempweblogic-ra.xml" />
     		  
	         <delete file="${aqadapter.fileLocationInAIAInstance}/META-INF/weblogic-ra.xml" />
			 <move file="${application.tmpdir}/tempweblogic-ra.xml" tofile="${aqadapter.fileLocationInAIAInstance}/META-INF/weblogic-ra.xml" />
			<delete file="${application.tmpdir}/tempweblogic-ra.xml" />
			<delete file="${aidaqadapter.tempfile}" />
			<var name="adapterUpdated" value="true" />
		  </else> 
		</if>
	 </then>
    <elseif>
       <equals arg1="@{action}" arg2="delete" />
        <then>
			<loadfile property="aqadapter.weblogic-ra-file" srcFile="${aqadapter.fileLocationInAIAInstance}/META-INF/weblogic-ra.xml"/>
	       <if> 
		      <not>
				<contains string="${aqadapter.weblogic-ra-file}" substring="@{connection-instance-jndi}" /> 
			 </not>
				<then>
				 <var name="adapterUpdated" value="false" />
				  <echo> @{connection-instance-jndi} is not created in AQ Adapter. Skipping this configuration deletion. </echo>
				</then>  
			  <else> 
				  <tempfile property="aidaqadapter.tempfile" destdir="${application.tmpdir}"  prefix="AIDaqAdapter" suffix=".xsl"/>
				   <concat destfile="${aidaqadapter.tempfile}">
						<header filtering="no" trimleading="yes">
						</header>	
						<path path="${aqadapter.removeXSLtmpl}"/>
						<filterchain>
							<expandproperties/>
						</filterchain>
				   </concat>
				<xslt style="${aidaqadapter.tempfile}" in="${aqadapter.fileLocationInAIAInstance}/META-INF/weblogic-ra.xml" out="${application.tmpdir}/tempweblogic-ra.xml" />
			
				 <delete file="${aqadapter.fileLocationInAIAInstance}/META-INF/weblogic-ra.xml" />
				 <move file="${application.tmpdir}/tempweblogic-ra.xml" tofile="${aqadapter.fileLocationInAIAInstance}/META-INF/weblogic-ra.xml" />
				<delete file="${application.tmpdir}/tempweblogic-ra.xml" />
				<delete file="${aidaqadapter.tempfile}" />
				<var name="adapterUpdated" value="true" />
			  </else> 
			</if>
		</then>
    </elseif>	
    <elseif> 
       <equals arg1="@{action}" arg2="no-action" />
	   <then>
        <echo message="No-action has been selected due to the condition specified in the policy file for the AQAdapter"></echo>
	   </then>
   </elseif>
   
	<else>
		<fail message="Please specify a valid value for action attribute in aqAdapter which is either 'create' or 'delete' or 'no-action'"/>
	</else>	
  </if>	 
  
  <if>
     <not>
	   <equals arg1="${adapterUpdated}" arg2="false" />
	  </not>
       <then>  	  
		<jar destfile="${aqadapter.rarFileLocationInAIAInstance}.bac" basedir="${aqadapter.fileLocationInAIAInstance}"/>
		<move file="${aqadapter.rarFileLocationInAIAInstance}.bac" tofile="${aqadapter.rarFileLocationInAIAInstance}"/>

		<!--Undeploy existing ear if any -->
	    <if>
		   <available file="${aqadapter.rarFileLocationInAIAInstance}" type="file" />
		   <then>
				  <Application name="${aqadapter.appName}" wlserver="@{wlserver}" failonerror="false"
                                action="undeploy"/>
				<sleep seconds="30" />
				
           </then>
		</if>

	     <Application wlserver="@{wlserver}" failonerror="true" name="${aqadapter.appName}" 
						filelocation="${aqadapter.fileLocationInAIAInstance}" action="deploy"/>
       </then>
   </if>
	<delete dir="${aqadapter.fileLocationInAIAInstance}"/>
	<var name="aqadapter.weblogic-ra-file" unset="true"/>	   	   
 </sequential>
</macrodef>
  

</project>
