<?xml version="1.0" encoding="UTF-8"?>
<project name="AIDConfigurationLibraryTasks" basedir="." default="usage">
    <property environment="env"/>
    <property name="AIA_HOME" value="${env.AIA_HOME}"/>
    <property name="SOA_HOME" value="${env.SOA_HOME}"/>
    <property name="MW_HOME" value="${env.MW_HOME}"/>
    <property name="WL_HOME" value="${env.WL_HOME}"/>
    <property name="AIA_ALT_SERVICES" value="${env.AIA_ALT_SERVICES}"/>
    
	<!-- xmlproperty file="${AIA_HOME}/config/AIAInstallProperties.xml"
              keeproot="false"/ -->
    <xmlproperty file="${PropertiesFile}" keeproot="false"/>	
    <xmlproperty file="${AIA_HOME}/aia_instances/${aiainstance.name}/config/AIAInstallDefaultProperties.xml"
                 keeproot="false"/>

              
              

	<!--<taskdef resource="net/sf/antcontrib/antcontrib.properties"/>-->			  
        <taskdef resource="net/sf/antcontrib/antlib.xml"/>	

	<xmlproperty file="${AIA_HOME}/aia_instances/${aiainstance.name}/config/AIAInstallDefaultProperties.xml" keeproot="false"/>

			  
  <path id="oracle.jdbc.path">
    <fileset dir="${WL_HOME}/server/lib">
      <include name="ojdbc6.jar"/>
    </fileset>
  </path>

<path id="config.store.path">
                <fileset file="${env.WL_HOME}/server/lib/weblogic.jar" />
                <fileset file="${env.AIA_HOME}/lib/aia-utils.jar" />

</path>

  <taskdef name="wlserver"
               classname="weblogic.ant.taskdefs.management.WLServer">
        <classpath>
            <pathelement location="${env.WL_HOME}/server/lib/weblogic.jar"/>
        </classpath>
    </taskdef>
    <taskdef name="wlconfig"
             classname="weblogic.ant.taskdefs.management.WLConfig">
        <classpath>
            <pathelement location="${env.WL_HOME}/server/lib/weblogic.jar/"/>
        </classpath>
    </taskdef>
    <taskdef name="wldeploy"
             classname="weblogic.ant.taskdefs.management.WLDeploy">
        <classpath>
            <pathelement location="${env.WL_HOME}/server/lib/weblogic.jar/"/>
        </classpath>
    </taskdef>
    <taskdef name="wlst" classname="weblogic.ant.taskdefs.management.WLSTTask">
        <classpath>
            <pathelement location="${env.WL_HOME}/server/lib/weblogic.jar/"/>
        </classpath>
    </taskdef>
	
<macrodef name="SystemRegistration" description="Macro used to run a SQL script">
    <attribute name="database" default="null"/>
	<attribute name="failonerror" default="continue"/>  
	<attribute name="delimiter" default="null"/> 
	<attribute name="resourceFileName"/>
	<attribute name="action" default="null"/> 
    <sequential>
	  <!-- verify if the sql script has validate connection details --> 
	  <if>
	    <equals arg1="@{database}" arg2="null"/>
		 <then>
			<fail message="Invalid connection details provided in SQL Script tag" />
		 </then>	  
	  </if>

   <!-- verify if jdbc-url, username and password are valid values -->
	<fail message="Not provided valid values for jdbc-url, username, password for @{database} ">
       <condition>   			
		    <or> 
			   <not>
					<isset property="@{database}.jdbc-url" />
			    </not>
				<not>
					<isset property="@{database}.username" />
			    </not>
				<not>
					<isset property="@{database}.password" />
				</not>	
			</or>
		</condition>
    </fail>  
	  
	<!-- retrieve variables from AIA Install properties.xml -->
	 <var name="jdbc-url" value="${@{database}.jdbc-url}" />
	 <var name="username" value="${@{database}.username}" />
	 <var name="password" value="${@{database}.password}" />
	<fail message="SystemRegistration file not found at @{resourceFileName}">
		<condition>
			<not>
			<available file="@{resourceFileName}" type="file" />
			</not>
		</condition>
	</fail>
       <xmlproperty file="@{resourceFileName}"/>
		<var name="dbscript" value="${AIASystemRegistration.@{action}}"/>

<tempfile property="pipSysRegistration.tempfile" destdir="${application.tmpdir}" prefix="PIPSystemRegistration_" suffix=".sql"/>
      <concat destfile="${pipSysRegistration.tempfile}">
          ${dbscript}
      </concat>

	<if>
        <equals arg1="@{delimiter}" arg2="null"/> 	
		<then>
		    <sql driver="${sqltask.jdbc.driver}" url="${jdbc-url}" userid="${@{database}.username}"
              password="${@{database}.password}"  rdbms="oracle"  keepformat="yes" onerror="@{failonerror}" expandproperties="true" src="${pipSysRegistration.tempfile}">
				<classpath>
					<pathelement path="${WL_HOME}/server/lib/ojdbc6.jar/"/>
				</classpath> 
</sql>
		</then>
        <else>		
		   <sql driver="${sqltask.jdbc.driver}" url="${jdbc-url}" userid="${@{database}.username}"
              password="${@{database}.password}"  rdbms="oracle" delimiter="@{delimiter}" delimitertype="row" keepformat="yes" onerror="@{failonerror}" expandproperties="true" src="${pipSysRegistration.tempfile}">
				<classpath>
					<pathelement path="${WL_HOME}/server/lib/ojdbc6.jar/"/>
				</classpath> 
     	  </sql>
		
		
		 </else>
	
	</if>
          <delete file="${pipSysRegistration.tempfile}" /> 
       <var name="jdbc-url" unset="true" />
	 <var name="username" unset="true" />
	 <var name="password" unset="true" />

    </sequential>
  </macrodef>
	
	
 <macrodef name="SQLScript" description="Macro used to run a SQL script">
    <attribute name="database" default="null"/>
	<attribute name="failonerror" default="continue"/>    
	<attribute name="delimiter" default="null"/>    
	
	<element name="sqllocation" implicit="true"/>
	
    <sequential>
	  <!-- verify if the sql script has validate connection details --> 
	  <if>
	    <equals arg1="@{database}" arg2="null"/>
		 <then>
			<fail message="Invalid connection details provided in SQL Script tag" />
		 </then>	  
	  </if>

   <!-- verify if jdbc-url, username and password are valid values -->
	<fail message="Not provided valid values for jdbc-url, username, password for @{database} ">
       <condition>   			
		    <or> 
			   <not>
					<isset property="@{database}.jdbc-url" />
			    </not>
				<not>
					<isset property="@{database}.username" />
			    </not>
				<not>
					<isset property="@{database}.password" />
				</not>	
			</or>
		</condition>
    </fail>  
	  
	<!-- retrieve variables from AIA Install properties.xml -->
	 <var name="jdbc-url" value="${@{database}.jdbc-url}" />
	 <var name="username" value="${@{database}.username}" />
	 <var name="password" value="${@{database}.password}" />
       
		
	<if>
        <equals arg1="@{delimiter}" arg2="null"/> 	
		<then>
		    <sql driver="${sqltask.jdbc.driver}" url="${jdbc-url}" userid="${@{database}.username}"
              password="${@{database}.password}"  rdbms="oracle"  keepformat="yes" onerror="@{failonerror}">
				<classpath>
					<pathelement path="${WL_HOME}/server/lib/ojdbc6.jar/"/>
				</classpath> 
	    	   <sqllocation/>
     	  </sql>
		</then>
        <else>		
		   <sql driver="${sqltask.jdbc.driver}" url="${jdbc-url}" userid="${@{database}.username}"
              password="${@{database}.password}"  rdbms="oracle" delimiter="@{delimiter}" delimitertype="row" keepformat="yes" onerror="@{failonerror}">
				<classpath>
					<pathelement path="${WL_HOME}/server/lib/ojdbc6.jar/"/>
				</classpath> 
	    	   <sqllocation/>
     	  </sql>
		
		
		 </else>
	
	</if>
  
 
       <var name="jdbc-url" unset="true" />
	 <var name="username" unset="true" />
	 <var name="password" unset="true" />

    </sequential>
  </macrodef>

 <macrodef name="CreateSchema" description="Macro used to Create schmeas">
    <attribute name="database" default="null"/>
	<attribute name="failonerror" default="abort"/>
	<attribute name="script" default="null" />
		
    <sequential>
    <if>
    	<equals arg1="${@{database}.createschema}" arg2="true"/>
	 <then>


	  <!-- verify if CreateSchema tag has validate connection details -->
	  <if>
	    <equals arg1="@{database}" arg2="null"/>
		 <then>
			<fail message="Invalid connection details provided in Create schema tag" />
		 </then>	  
	  </if>

	 <!-- verify if script tag is populated -->
	  <if>
	    <equals arg1="@{script}" arg2="null"/>
		 <then>
			<fail message="Invalid connection details provided in Create schema tag" />
		 </then>	  
	  </if>
 	  	  
    <!-- verify if jdbc-url, username and password are valid values --> 
<fail message="Valid values not provided for jdbc-url, username, password for @{database} ">
       <condition>   			
		  <or>
		  <not> 
		      <isset property="@{database}.jdbc-url" />
		  </not>
		  <not>			 
			   <isset property="@{database}.username" />
		  </not>
		  <not>			 
			   <isset property="@{database}.password" />
		  </not>
		  <not>			 
			   <isset property="@{database}.sysusername" />
		  </not>
		  <not>			 
			   <isset property="@{database}.syspassword" />
		 </not>
			</or> 
		</condition>
    </fail>  
		  
	<!-- retrieve variables from AIA Install properties.xml -->
	 <var name="jdbc-url" value="${@{database}.jdbc-url}" />
	 <var name="username" value="${@{database}.username}" />
	 <var name="password" value="${@{database}.password}" />
	 <var name="sysusername" value="${@{database}.sysusername}" />
	 <var name="syspassword" value="${@{database}.syspassword}" />
	 
	 <if>
	    <and>
		 <isset property="@{database}.defaulttablespace" />	 
         <isset property="@{database}.temptablespace" />
		 <not>
			<equals arg1="${@{database}.defaulttablespace}" arg2="" />	
		 </not> 
		 <not> 
			<equals arg1="${@{database}.temptablespace}" arg2="" />	
          </not>             	 
        </and> 
        <then>
            <var name="createSchemaVar" value="CREATE USER ${username} IDENTIFIED BY ${password} DEFAULT TABLESPACE ${@{database}.defaulttablespace} TEMPORARY TABLESPACE ${@{database}.temptablespace}" /> 
 		</then>
		<else>
		 <var name="createSchemaVar" value="CREATE USER ${username} IDENTIFIED BY ${password}" />
		</else>
	 </if>
	
        <!-- Tablespace validation done through ant as there is no control over logging using ant sql task. When validation is moved to pl/sql and when exceptions are thrown it prints the entire pl/sql including user/pswd -->
        <echo message="Begin Validating schema" />

        <tempfile property="aidsqlvalidationresult.tempfile" destDir="${application.tmpdir}"
		prefix="AIDValidateSchema_temp_" suffix=".properties"/>

        <sql driver="${sqltask.jdbc.driver}" url="${jdbc-url}" userid="${@{database}.sysusername} as sysdba"
           password="${@{database}.syspassword}" rdbms="oracle"  onerror="@{failonerror}" print="yes" output="${aidsqlvalidationresult.tempfile}" showheaders="false" showtrailers="false">
	     <![CDATA[select 'default.tablespace.count=' || count(*) from dba_tablespaces where tablespace_name = '${@{database}.defaulttablespace}';
                     select 'temp.tablespace.count=' || count(*) from dba_tablespaces where tablespace_name = '${@{database}.temptablespace}';]]>
            <classpath>
                    <pathelement path="${WL_HOME}/server/lib/ojdbc6.jar/"/>
            </classpath> 
	 </sql>	
             
        <property file="${aidsqlvalidationresult.tempfile}" />

        <if>
           <equals arg1="${default.tablespace.count}" arg2="0"/>
        <then>
	    <echo message="Default tablespace ${@{database}.defaulttablespace} could not be found." />
           <fail message="Create schema failed. Default tablespace ${@{database}.defaulttablespace} not found." />
        </then>
  	 <else>
	    <echo message="Default tablespace ${@{database}.defaulttablespace} found." />
           <if>
              <equals arg1="${temp.tablespace.count}" arg2="0"/>
           <then>
	       <echo message="Temporary tablespace ${@{database}.temptablespace} could not be found." />
              <fail message="Create schema failed. Temporary tablespace ${@{database}.temptablespace} not found." />
           </then>
    	    <else>
	       <echo message="Temporary tablespace ${@{database}.temptablespace} found." />
      	    </else>	  
           </if>
      	 </else>	  
        </if>

        <delete file="${aidsqlvalidationresult.tempfile}" />
        <echo message="End Validating schema" />

	
        <tempfile property="aidsqlcreateschema.tempfile" destdir="${application.tmpdir}"
                prefix="AIDCreateSchema_temp_" suffix=".sql"/>
        <concat destfile="${aidsqlcreateschema.tempfile}">
          <path path="@{script}"/>
        </concat>
        <replace file="${aidsqlcreateschema.tempfile}" token="createSchemaVar"
               value="${createSchemaVar}"/>
        <replace file="${aidsqlcreateschema.tempfile}" token="username"
               value="${username} "/>
      	
        <sql driver="${sqltask.jdbc.driver}" url="${jdbc-url}" userid="${@{database}.sysusername} as sysdba"
           password="${@{database}.syspassword}" rdbms="oracle"  onerror="@{failonerror}" src="${aidsqlcreateschema.tempfile}" delimiter="/" delimitertype="row" >
		   <classpath>
                <pathelement path="${WL_HOME}/server/lib/ojdbc6.jar/"/>
            </classpath> 
	 </sql>	
        <delete file="${aidsqlcreateschema.tempfile}" />   

        <var name="jdbc-url" unset="true" />
	 <var name="username" unset="true" />
	 <var name="password" unset="true" />
	 <var name="sysusername" unset="true" />
	 <var name="syspassword" unset="true" />

    </then>
    <else>
	<echo message = "Skipping create schema ${@{database}.username} !!!"/> 
    </else>
    </if>

    </sequential>
  </macrodef>
		
 <macrodef name="DeleteSchema" description="Macro used to Delete Schemas">
    <attribute name="database" default="null"/>
	<attribute name="failonerror" default="abort"/>
	<attribute name="script" default="null" />
		
    <sequential>


	  <!-- verify if DeleteSchema tag has validate connection details -->
	  <if>
	    <equals arg1="@{database}" arg2="null"/>
		 <then>
			<fail message="Invalid connection details provided in Delete schema tag" />
		 </then>	  
	  </if>

	 <!-- verify if script tag is populated -->
	  <if>
	    <equals arg1="@{script}" arg2="null"/>
		 <then>
			<fail message="Invalid connection details provided in Delete schema tag" />
		 </then>	  
	  </if>
 	  	  
    <!-- verify if jdbc-url, username and password are valid values --> 
<fail message="Valid values not provided for jdbc-url, username, password for @{database} ">
       <condition>   			
		  <or>
		  <not> 
		      <isset property="@{database}.jdbc-url" />
		  </not>
		  <not>			 
			   <isset property="@{database}.username" />
		  </not>
		  <not>			 
			   <isset property="@{database}.password" />
		  </not>
		  <not>			 
			   <isset property="@{database}.sysusername" />
		  </not>
		  <not>			 
			   <isset property="@{database}.syspassword" />
		 </not>
			</or> 
		</condition>
    </fail>  
		  
	<!-- retrieve variables from AIA Install properties.xml -->
	 <var name="jdbc-url" value="${@{database}.jdbc-url}" />
	 <var name="username" value="${@{database}.username}" />
	 <var name="password" value="${@{database}.password}" />
	 <var name="sysusername" value="${@{database}.sysusername}" />
	 <var name="syspassword" value="${@{database}.syspassword}" />
	 
	       
      <tempfile property="aidsqldeleteschema.tempfile" destdir="${application.tmpdir}"
                prefix="AIDDeleteSchema_temp_" suffix=".sql"/>
      <concat destfile="${aidsqldeleteschema.tempfile}">
          <path path="@{script}"/>
      </concat>
     
      <replace file="${aidsqldeleteschema.tempfile}" token="Username"
               value="${username}"/>
      	
      <sql driver="${sqltask.jdbc.driver}" url="${jdbc-url}" userid="${@{database}.sysusername} as sysdba"
           password="${@{database}.syspassword}" rdbms="oracle"  onerror="@{failonerror}" src="${aidsqldeleteschema.tempfile}" delimiter="/">
		   <classpath>
                <pathelement path="${WL_HOME}/server/lib/ojdbc6.jar/"/>
            </classpath> 
	  </sql>	
        <delete file="${aidsqldeleteschema.tempfile}" />   

       <var name="jdbc-url" unset="true" />
	 <var name="username" unset="true" />
	 <var name="password" unset="true" />
	 <var name="sysusername" unset="true" />
	 <var name="syspassword" unset="true" />

    </sequential>
  </macrodef>		
 <macrodef name="Datasource" description="Macro used to Create Datasources">
    <attribute name="wlserver" default="null"/>
    <attribute name="jndiLocation" default="null"/>
	<attribute name="database" default="null" />
    <attribute name="name" default="null"/>
    <attribute name="action" default="null"/>
	<attribute name="failonerror" default="true"/>
	<attribute name="xa-enabled" default="false"/>
	<attribute name="deployToAdminServer" default="false"/>
    <attribute name="InitialCapacity" default="${datasource.InitialCapacity}"/>
    <attribute name="MaxCapacity"  default="${datasource.MaxCapacity}"/>
    <attribute name="CapacityIncrement" default="${datasource.CapacityIncrement}"/>
    <attribute name="GlobalTransactionsProtocol" default="None"/>
    <attribute name="ShrinkFrequencySeconds" default="${datasource.ShrinkFrequencySeconds}"/>
    <attribute name="LoginDelaySeconds" default="${datasource.LoginDelaySeconds}"/>
    <attribute name="SecondsToTrustAnIdlePoolConnection" default="${datasource.SecondsToTrustAnIdlePoolConnection}"/>
    <attribute name="ConnectionCreationRetryFrequencySeconds" default="${datasource.ConnectionCreationRetryFrequencySeconds}"/>
 <attribute name="isRac" default="null"/>

	
	
  <sequential>
  
    <if>
      <equals arg1="@{action}" arg2="null"/>
      <then>
        <fail message="Please specify a valid value (create or delete or no-action) for 'action' attribute in datasource tag" />
      </then>	  
    </if>
  
    <!-- Check for no-action before validations -->
    <if>
      <equals arg1="@{action}" arg2="no-action" />
      <then>
        <echo message="No-action has been selected due to the condition specified in the policy file for the Datasource: @{name}"></echo>
      </then>  
    
      <else>
      
        <!-- verify if Datsource tag has validate wlserver details -->
        <if>
          <equals arg1="@{wlserver}" arg2="null"/>
          <then>
            <fail message="Invalid connection details provided in @{wlserver} Datasource tag" />
          </then>	  
        </if>
 
        
 
        <fail message="Valid values not provided for wlserver details ">
          <condition>   			
            <or>
              <not> 
                <isset property="@{wlserver}.server.adminhostname" />
              </not>
              <not>			 
                <isset property="@{wlserver}.server.adminport" />
              </not>
              <not>			 
                <isset property="@{wlserver}.server.username" />
              </not>
              <not>			 
                <isset property="@{wlserver}.server.password" />
              </not>
              <not>			 
                <isset property="@{wlserver}.server.soaserver" />
              </not>
              <not>			 
                <isset property="@{wlserver}.server.servertype" />
              </not>
            </or> 
          </condition>
        </fail>  
  
  
        <!-- verify if jdbc-url, username and password are valid values -->
        <fail message="Not provided valid values for jdbc-url, username, password for datasource tag in @{database} " >
          <condition>   			
            <or> 
            <not>
              <isset property="@{database}.jdbc-url" />
            </not>
            <not>
              <isset property="@{database}.username" />
            </not>
            <not>
              <isset property="@{database}.password" />
            </not>	
            </or>
          </condition>
        </fail>
  
  
  
        <if>  
          <equals arg1="@{xa-enabled}" arg2="true"/>
          <then>
            <var name="driverName" value="${datasource.XADrivername}" />
          </then>
          <else>
            <var name="driverName" value="${datasource.nonXADrivername}" />
          </else>
       </if>	 
  
        <if>
            <equals arg1="@{action}" arg2="create" />     
      
            <then> 
              <if>
          <equals arg1="${@{database}.isRac}" arg2="true" />
                  <then>
                
                    <for list="${@{database}.racInstances}" param="racInstance">
                        <sequential>
      
                          <var name="dsName" value="@{name}-@{racInstance}"/>
                          <var name="rac-jndi" value="@{jndiLocation}-@{racInstance}"/>
                          <var name="rac-jdbc-url" value="jdbc:oracle:thin:@(DESCRIPTION=(ADDRESS_LIST=(ADDRESS=(PROTOCOL=TCP)(HOST=${@{database}.rac.@{racInstance}.host})(PORT=${@{database}.rac.@{racInstance}.port})))(CONNECT_DATA=(SERVICE_NAME=${@{database}.rac.serviceName})(INSTANCE_NAME=${@{database}.rac.@{racInstance}.instanceName})))" />
                          <wlst debug="false" failonerror="@{failonerror}" filename="${AIA_HOME}/Infrastructure/Install/AID/lib/py/createDataSource.py" arguments="${@{wlserver}.server.adminhostname} ${@{wlserver}.server.adminport} ${@{wlserver}.server.username} ${@{wlserver}.server.password} ${dsName} ${rac-jndi} ${@{database}.username} ${@{database}.password} ${rac-jdbc-url} ${@{wlserver}.server.soaserver} ${@{wlserver}.server.servertype} ${driverName} @{InitialCapacity} @{MaxCapacity} @{CapacityIncrement} @{ShrinkFrequencySeconds} @{LoginDelaySeconds} @{GlobalTransactionsProtocol}  @{xa-enabled} @{deployToAdminServer} @{SecondsToTrustAnIdlePoolConnection} @{ConnectionCreationRetryFrequencySeconds}" />
                          <echo> @{racInstance} is the current instance  ${dsName} ${rac-jdbc-url}</echo>				
                      </sequential>
                    </for>
      
                    <wlst debug="false" failonerror="@{failonerror}" filename="${AIA_HOME}/Infrastructure/Install/AID/lib/py/createMultiDataSource.py" arguments="${@{wlserver}.server.adminhostname} ${@{wlserver}.server.adminport} ${@{wlserver}.server.username} ${@{wlserver}.server.password} @{name} @{jndiLocation} ${@{database}.username} ${@{database}.password} ${@{database}.jdbc-url} ${@{wlserver}.server.soaserver} ${@{wlserver}.server.servertype} ${driverName} @{InitialCapacity} @{MaxCapacity} @{CapacityIncrement} @{ShrinkFrequencySeconds} @{LoginDelaySeconds} @{GlobalTransactionsProtocol}  @{xa-enabled} @{deployToAdminServer} ${@{database}.racCount}" />
      
                  </then>
                
                <elseif>
                  <equals arg1="@{isRac}" arg2="null" />
                <then>
                  <wlst debug="false" failonerror="@{failonerror}" filename="${AIA_HOME}/Infrastructure/Install/AID/lib/py/createDataSource.py" arguments="${@{wlserver}.server.adminhostname} ${@{wlserver}.server.adminport} ${@{wlserver}.server.username} ${@{wlserver}.server.password} @{name} @{jndiLocation} ${@{database}.username} ${@{database}.password} ${@{database}.jdbc-url} ${@{wlserver}.server.soaserver} ${@{wlserver}.server.servertype} ${driverName} @{InitialCapacity} @{MaxCapacity} @{CapacityIncrement} @{ShrinkFrequencySeconds} @{LoginDelaySeconds} @{GlobalTransactionsProtocol}  @{xa-enabled} @{deployToAdminServer} @{SecondsToTrustAnIdlePoolConnection} @{ConnectionCreationRetryFrequencySeconds}" />
                </then>
                </elseif>
              </if>
            </then> 
            <elseif> 
                <equals arg1="@{action}" arg2="delete" />
                <then>
                  <if>
      <equals arg1="${@{database}.isRac}" arg2="true" />
                      <then>
                        <wlst debug="false" failonerror="@{failonerror}" filename="${AIA_HOME}/Infrastructure/Install/AID/lib/py/deleteMultiDataSource.py" arguments="${@{wlserver}.server.adminhostname} ${@{wlserver}.server.adminport} ${@{wlserver}.server.username} ${@{wlserver}.server.password} @{name}" />
                        <for list="${@{database}.racInstances}" param="racInstance">
                          <sequential>
      
                            <var name="dsName" value="@{name}-@{racInstance}"/>
                            <wlst debug="false" failonerror="@{failonerror}" filename="${AIA_HOME}/Infrastructure/Install/AID/lib/py/deleteDataSource.py" arguments="${@{wlserver}.server.adminhostname} ${@{wlserver}.server.adminport} ${@{wlserver}.server.username} ${@{wlserver}.server.password} ${dsName}" />
                            <echo> @{racInstance} is the current instance  ${dsName} ${rac-jdbc-url}</echo>				
                          </sequential>
                        </for>
                     </then>
                      
                    <elseif>
                      <equals arg1="@{isRac}" arg2="null" />
                      <then>
                        <wlst debug="false" failonerror="@{failonerror}" executescriptbeforefile="true"
                          filename="${AIA_HOME}/Infrastructure/Install/AID/lib/py/deleteDataSource.py"
                          arguments="${@{wlserver}.server.adminhostname} ${@{wlserver}.server.adminport} ${@{wlserver}.server.username} ${@{wlserver}.server.password} @{name}" />
                      </then>
            
                  </elseif>
                </if>
              </then>       
          </elseif> 
          <else>
            <fail message="Please specify a valid value (create or delete or no-action) for action attribute in Datasource tag"/>
          </else>
         
        </if> 
      
      
      </else>  
    </if>
 </sequential>





</macrodef>
  
  
  <macrodef name="ManagedServer" description="Macro to start the Managed Server or Cluster of Managed Server">
   <attribute name="wlserver" default="null" />
   <attribute name="action" default="null" />
   <attribute name="failonerror" default="true" />
  <sequential>
    <!-- verify if server tag has validate connection details -->
	  <if>
	    <equals arg1="@{wlserver}" arg2="null"/>
		 <then>
			<fail message="Invalid connection details provided in @{wlserver} StartServer tag" />
		 </then>	  
	  </if>
	  
	  
 	  <if>
	    <equals arg1="@{action}" arg2="null"/>
		 <then>
			<fail message="Please specify a valid value (start or shutdown) for 'action' attribute in Managed Server tag" />
		 </then>	  
	  </if>
	  
     
		 
	<if>
	    <equals arg1="@{action}" arg2="start"/>
		 <then>
			<touch file="${aia.instance}/tmp/restart.lock"/>
		 </then>	  
	  </if>
    <condition property="startScript" value="${aiainstance.domain_root}/bin/startWebLogic.cmd">
                <os family="windows"/>
  </condition>
  <condition property="startScript" value="${aiainstance.domain_root}/bin/startWebLogic.sh">
                <os family="unix"/>
  </condition>
<if>
	<not>
	<equals arg1="${@{wlserver}.server.soaserverport}" arg2="${@{wlserver}.server.adminport}"/>
	</not>
		 <then>

		 <wlst debug="false" failonerror="@{failonerror}" filename="${AIA_HOME}/Infrastructure/Install/AID/lib/py/ManagedServer.py"

                arguments="${@{wlserver}.server.adminhostname} ${@{wlserver}.server.adminport} ${@{wlserver}.server.username} ${@{wlserver}.server.password} ${@{wlserver}.server.soaserverhostname} ${@{wlserver}.server.soaserverport} ${@{wlserver}.server.servertype} ${@{wlserver}.server.soaserver} @{action}">			  
 </wlst>
</then>	  
	  </if>
<if>
	<and>
	   <equals arg1="@{action}" arg2="start"/>
	<equals arg1="${@{wlserver}.server.soaserverport}" arg2="${@{wlserver}.server.adminport}"/>
	</and>
			 <then>
			 <wlst debug="false" failonerror="@{failonerror}" filename="${AIA_HOME}/Infrastructure/Install/AID/lib/py/ManagedServer.py"

                arguments="${@{wlserver}.server.adminhostname} ${@{wlserver}.server.adminport} ${@{wlserver}.server.username} ${@{wlserver}.server.password} ${@{wlserver}.server.soaserverhostname} ${@{wlserver}.server.soaserverport} ${@{wlserver}.server.servertype} ${@{wlserver}.server.soaserver} shutdown">			  
 </wlst>
<sleep minutes="2"/>
	

	<if>
	<and>
	    <available file="${startScript}"/>
		 <available file="${aiainstance.domain_root}/servers/${fp.server.soaserver}/security/boot.properties"/>
	</and>
		 <then>
			<forget>
			<exec executable="${startScript}" dir ="${aiainstance.domain_root}/bin" failonerror="@{failonerror}">
			</exec>
			</forget>
			<waitfor maxwait="40" maxwaitunit="minute" checkevery="500">
        <http url="http://${fp.server.adminhostname}:${fp.server.soaserverport}/integration/services/b2b/B2BMetadataWSPort?WSDL"/>
    </waitfor>
		</then>
	<else>
	<fail message="Not able to restart the admin server. Please restart the server manually and continue." />
	</else>
	</if>

	</then>	  
	  </if>

	<if>
	    <available file="${aia.instance}/tmp/restart.lock"/>
		 <then>
			<delete file="${aia.instance}/tmp/restart.lock" quiet="true"/>
		 </then>	  
	  </if>

  </sequential>
 </macrodef>


 
<macrodef name="EndpointConfigurator" description="Macro to replace endpoint details in composites">
<attribute name="target-server" default="null" />
<attribute name="dir" default="null" />
<sequential>

	<if>
	  <available file="@{dir}" type="dir"/>
		  <then>
		     <echo> executing Endpoint Configurator over the dir : @{dir} </echo>

     		 <replaceregexp match="http://[\S&amp;&amp;[^/]]+(?::\d+)??/((?:soa-infra)|(?:MirrorServlet)|(?:AIAValidationSystemServlet))/"
                     replace="http://${@{target-server}.server.soaserverhostname}:${@{target-server}.server.soaserverport}/\1/"
                       byline="true" flags="gi">
	            <fileset dir="@{dir}"
                     includes="**/*composite.xml **/*.wsdl **/*.xsl **/*.xslt **/*.xsd **/*.componentType **/*.xml"
                     excludes="**/.ade_path/**"/>
       	 </replaceregexp>
		  </then>
		  <else> 
                <fail> Invalid directory path @{dir} specified in Endpoint Configurator tag of the DeploymentPlan </fail>		  
		  </else>
	   </if>
</sequential>  
</macrodef>  
	


<macrodef name="ConfigSOA"  description="copy aia.jar to SOA Home">
<attribute name="action" />
<sequential>

<!--
	 <if>
            <equals arg1="@{action}" arg2="copy"/>
            <then>
                <copy file="${AIA_HOME}/lib/aia.jar"
                      todir="${SOA_HOME}/soa/modules/oracle.soa.ext_11.1.1"/>
                <copy file="${SOA_HOME}/communications/modules/oracle.sdp.client_11.1.1/parlayx.jar"
                      todir="${SOA_HOME}/soa/modules/oracle.soa.ext_11.1.1"/>
            </then>
            <elseif>
			     <equals arg1="@{action}" arg2="remove"/>
				 <then>
					<delete file="${SOA_HOME}/soa/modules/oracle.soa.ext_11.1.1/aia.jar"
                        failonerror="false"/>
					<delete file="${SOA_HOME}/soa/modules/oracle.soa.ext_11.1.1/aiaLib-ref.jar"
                        failonerror="false"/>
				 </then>		
            </elseif>
			<else>
				<fail message="updateSoaJar::action attribute value must be either 'copy' or 'remove'"/>
			</else>
        </if>
        <ant antfile="${SOA_HOME}/soa/modules/oracle.soa.ext_11.1.1/build.xml"
             dir="${SOA_HOME}/soa/modules/oracle.soa.ext_11.1.1"/>
	 
-->

        <ant antfile="${AIA_HOME}/Infrastructure/Install/AID/AIAConfigSOA.xml"
             dir="${AIA_HOME}/Infrastructure/Install/AID"/>
</sequential>
</macrodef>


<macrodef name="UpdateMetadata" description="Macro to update AIA metadata to MDS">

 <Attribute name="wlserver" default="null"/>
<Attribute name="failonerror" default="true"/>
<Attribute name="action" default="update"/>
 <element name="includefiles"  implicit="true" />
 <sequential>
   <if>
    <equals arg1="@{action}" arg2="update"/>
   <then>
   <var name="tempMetadataloc" value="${updateMetadata.location}/tempMetadata/" />
	<delete dir="${tempMetadataloc}" failonerror="false" />
	<mkdir dir="${tempMetadataloc}/apps/AIAMetaData" />

	<copy todir="${tempMetadataloc}/apps/AIAMetaData" includeEmptyDirs="true">
          <includefiles/>		
	</copy>	
	
<!--
	<delete file="${updateMetadata.location}/MetaData.jar" failonerror="false"/> 
	<jar destfile="${updateMetadata.location}/MetaData.jar" basedir="${tempMetadataloc}" excludes="*.jpr, *.zip, *.jar, build.xml, **/*.db" />
-->
 
	<delete file="${updateMetadata.location}/MetaData.zip" failonerror="false"/> 
	<zip destfile="${updateMetadata.location}/MetaData.zip" >
		<fileset dir="${tempMetadataloc}"  />
    	</zip>

<!--
        <ant antfile="${SOA_HOME}/bin/ant-sca-deploy.xml" target="deploy"
             dir="${SOA_HOME}/bin">
            <property name="sarLocation" value="${updateMetadata.location}/MetaData.zip"/>
            <property name="serverURL" value="http://${@{wlserver}.server.soaserverhostname}:${@{wlserver}.server.soaserverport}"/>
            <property name="user" value="${@{wlserver}.server.username}"/>
            <property name="password" value="${@{wlserver}.server.password}"/>
	    <property name="failOnError" value="@{failonerror}"/>

        </ant>
-->

  <condition property="windows.or.unix.os" value="${MW_HOME}/oracle_common/common/bin/wlst.cmd">
                <os family="windows"/>
  </condition>
  <condition property="windows.or.unix.os" value="${MW_HOME}/oracle_common/common/bin/wlst.sh">
                <os family="unix"/>
  </condition>

<path id="config.store.path">
                <fileset file="${env.WL_HOME}/server/lib/weblogic.jar" />
                <fileset file="${env.AIA_HOME}/lib/aia-utils.jar" />

</path>
<java classname="oracle.aia.utils.keyStoreUtil.storeUserConfig" classpathref="config.store.path" fork="true" failonerror="true">
                        <arg value="${fp.server.username}"/>
                        <arg value="${fp.server.password}"/>
                        <arg value="${aia.instance}/tmp/keyFile"/>
                        <arg value="${aia.instance}/tmp/propFile"/>
</java>

                <exec executable="${windows.or.unix.os}" dir ="${MW_HOME}/oracle_common/common/bin" failonerror="@{failonerror}">
                    <arg value="${AIA_HOME}/Infrastructure/Install/AID/lib/py/updateMetadata.py"/>
                    <arg value="${@{wlserver}.server.adminhostname}"/>
                    <arg value="${@{wlserver}.server.adminport}"/>
                        <arg value="${aia.instance}/tmp/propFile"/>
                        <arg value="${aia.instance}/tmp/keyFile"/>
 		    <arg value="${@{wlserver}.server.servertype}"/>
                    <arg value="${@{wlserver}.server.soaserver}"/>
		    <arg value="${updateMetadata.location}/MetaData.zip"/>
                </exec>
	
<delete file="${aia.instance}/tmp/keyFile"/>
<delete file="${aia.instance}/tmp/propFile"/>
	  
    <delete dir="${tempMetadataloc}" failonerror="false" />  
</then>
<elseif>
<equals arg1="@{action}" arg2="no-action" />
<then>
<echo>action attribute is set to "no-action". UpdateMetadata is not performed</echo>
</then>
</elseif>
<else>
<fail message=" action attribute can only accept 'update' or 'no-action' as values in UpdateMetadata tag " />
</else>
</if>	
</sequential>

</macrodef>


<macrodef name="DeleteMetadata" description="Macro to  delete metadata from MDS">

 <Attribute name="wlserver" default="null"/>
 <Attribute name="file"  default="null"/>
 <Attribute name="dir"  default="null"/>
 <Attribute name="failonerror" default="true" />
<Attribute name="action" default="delete"/>
 <sequential>
   
<!--   
   	<echo> Deleting shared metadata from AIAMetaData/@{dir}</echo>
   	<echo>  </echo>

        <ant antfile="${SOA_HOME}/bin/ant-sca-deploy.xml" target="removeSharedData"
             dir="${SOA_HOME}/bin">
            <property name="folderName" value="AIAMetaData/@{dir}"/>
            <property name="serverURL" value="http://${@{wlserver}.server.soaserverhostname}:${@{wlserver}.server.soaserverport}"/>
            <property name="user" value="${@{wlserver}.server.username}"/>
            <property name="password" value="${@{wlserver}.server.password}"/>
	
        </ant>

        <wlst debug="false" failonerror="@{failonerror}" filename="${AIA_HOME}/Infrastructure/Install/AID/lib/py/deleteMetadata.py" arguments="${@{wlserver}.server.adminhostname} ${@{wlserver}.server.adminport} ${@{wlserver}.server.username} ${@{wlserver}.server.password} @{@{wlserver}.server.soaserver}" />
-->
  <condition property="windows.or.unix.os" value="${MW_HOME}/oracle_common/common/bin/wlst.cmd"> 
                <os family="windows"/>
  </condition>
  <condition property="windows.or.unix.os" value="${MW_HOME}/oracle_common/common/bin/wlst.sh">
                <os family="unix"/>
  </condition>
  <if>
	<equals arg1="@{action}" arg2="delete"/>
	<then>
<path id="config.store.path">
                <fileset file="${env.WL_HOME}/server/lib/weblogic.jar" />
                <fileset file="${env.AIA_HOME}/lib/aia-utils.jar" />

</path>
<java classname="oracle.aia.utils.keyStoreUtil.storeUserConfig" classpathref="config.store.path" fork="true" failonerror="true">
                        <arg value="${fp.server.username}"/>
                        <arg value="${fp.server.password}"/>
                        <arg value="${aia.instance}/tmp/keyFile"/>
                        <arg value="${aia.instance}/tmp/propFile"/>
</java>
	  <if>
	     <not>
		<equals arg1="@{file}" arg2="null" />
	     </not>
	     <then>
		<exec executable="${windows.or.unix.os}" dir ="${MW_HOME}/oracle_common/common/bin" failonerror="@{failonerror}">
		    <arg value="${AIA_HOME}/Infrastructure/Install/AID/lib/py/deleteMetaData.py"/>
		    <arg value="${@{wlserver}.server.adminhostname}"/>
		    <arg value="${@{wlserver}.server.adminport}"/>
                        <arg value="${aia.instance}/tmp/propFile"/>
                        <arg value="${aia.instance}/tmp/keyFile"/>
 		    <arg value="${@{wlserver}.server.servertype}"/>
		    <arg value="${@{wlserver}.server.soaserver}"/>
		    <arg value="/apps/AIAMetaData/@{file}"/>
		</exec>
	     </then>
	     <elseif>
		<not>
			<equals arg1="@{dir}" arg2="/" />
		</not>
		<then>
			<exec executable="${windows.or.unix.os}" dir ="${MW_HOME}/oracle_common/common/bin" failonerror="@{failonerror}">
			    <arg value="${AIA_HOME}/Infrastructure/Install/AID/lib/py/deleteMetaData.py"/>
			    <arg value="${@{wlserver}.server.adminhostname}"/>
			    <arg value="${@{wlserver}.server.adminport}"/>
                        <arg value="${aia.instance}/tmp/propFile"/>
                        <arg value="${aia.instance}/tmp/keyFile"/>
 		    	    <arg value="${@{wlserver}.server.servertype}"/>
			    <arg value="${@{wlserver}.server.soaserver}"/>
			    <arg value="/apps/AIAMetaData/@{dir}/**"/>
			</exec>
		
		</then>
	     </elseif>
	     <elseif>
			<equals arg1="@{dir}" arg2="/" />
		<then>
			<exec executable="${windows.or.unix.os}" dir ="${MW_HOME}/oracle_common/common/bin" failonerror="@{failonerror}">
			    <arg value="${AIA_HOME}/Infrastructure/Install/AID/lib/py/deleteMetaData.py"/>
			    <arg value="${@{wlserver}.server.adminhostname}"/>
			    <arg value="${@{wlserver}.server.adminport}"/>
                        <arg value="${aia.instance}/tmp/propFile"/>
                        <arg value="${aia.instance}/tmp/keyFile"/>
 		    	    <arg value="${@{wlserver}.server.servertype}"/>
			    <arg value="${@{wlserver}.server.soaserver}"/>
			    <arg value="/apps/AIAMetaData/**"/>
			</exec>		
		</then>
	     </elseif>
	     <else>
		<echo>WARNING !!! No Files provided to delete from MetaData</echo>
	     </else>
	  </if>
	  
<delete file="${aia.instance}/tmp/keyFile"/>
<delete file="${aia.instance}/tmp/propFile"/>
</then>
<elseif>
<equals arg1="@{action}" arg2="no-action" />
<then>
<echo>action attribute is set to "no-action". DeleteMetadata is not performed</echo>
</then>
</elseif>
<else>
<fail message=" action attribute can only accept 'delete' or 'no-action' as values in DeleteMetadata tag " />
</else>
</if>
</sequential>

</macrodef>

<macrodef name="CreateInstance" description="Macro to AIA Insatnce ">

 <sequential>

        <ant antfile="${AIA_HOME}/Infrastructure/Install/AID/AIACreateInstance.xml" >
                <property name="PropertiesFile" value="${PropertiesFile}" />

        </ant>

</sequential>

</macrodef>

 
<macrodef name="Call" description="Macro for executing any additional scripts inside deployment plan">
<attribute name="file" default="null" />
<attribute name="fileType" default="null" />
<attribute name="execDir" default="." />
<attribute name="target" default="null"/>
<element name="properties" implicit="true" optional="true"/>
<sequential>
	<if>
	    <equals arg1="@{file}" arg2="null"/>
		 <then>
			<fail message="Please provide the file path for the 'file' attribute" />
		 </then>	  
	</if>
	  
	<if>
	    <equals arg1="@{fileType}" arg2="null"/>
		 <then>
			<fail message="Please specify a valid value (ant or sh or bat) for 'fileType' attribute" />
		 </then>	  
	</if>
	<if>
	  <available file="@{file}" type="file"/>
		<then>
		  <trycatch property="error">
		    <try>
			<if>
				<equals arg1="@{fileType}" arg2="ant"/>
				<then>
					<if>
						<equals arg1="@{target}" arg2="null"/>
						<then>
							<ant antfile="@{file}" >
								<properties/>
							</ant>
						</then>
						<else>
							<ant antfile="@{file}" target="@{target}">
								<properties/>
							</ant>
						</else>
					</if>
				</then>
				<elseif>
					<equals arg1="@{fileType}" arg2="bat"/>
					<then>
						<exec dir="@{execDir}" executable="cmd.exe">
							<properties/>
							<arg line="/c @{file}"/>
                                          	</exec>
					</then>
				</elseif>
				<elseif>
					<equals arg1="@{fileType}" arg2="sh"/>
					<then>
						<exec dir="@{execDir}" executable="/bin/sh">
							<properties/>
							<arg line="@{file}"/>
                                          	</exec>
					</then>
				</elseif>
				<elseif>

					<equals arg1="@{fileType}" arg2="DP"/>
					<then>
					<if>
						<os family="windows"/>
						<then>
							<exec dir="${AIA_HOME}/Infrastructure/Install/AID" executable="ant.bat">
								<arg line="-f ${AIA_HOME}/Infrastructure/Install/AID/AIAInstallDriver.xml -DDeploymentPlan=@{file} -DPropertiesFile=${PropertiesFile} -DUsername=${fp.server.username} -DPassword=${fp.server.password}"/>
        			                        </exec>
						</then>
						<elseif>
							<os family="unix"/>
							<then>
								<exec dir="${AIA_HOME}/Infrastructure/Install/AID" executable="ant">
									<arg line="-f ${AIA_HOME}/Infrastructure/Install/AID/AIAInstallDriver.xml -DDeploymentPlan=@{file} -DPropertiesFile=${PropertiesFile} -DUsername=${fp.server.username} -DPassword=${fp.server.password}"/>
	        			                        </exec>
							</then>
						</elseif>
					</if>
					</then>
				</elseif>
			</if>	
		    </try>
		    <catch>
			<if>
				<contains string="${error}" substring="ant doesn't support the nested &quot;env&quot; element." casesensitive="false"/>
				<then>
					<fail>"Call" task  does not support "env" element for "ant" fileType</fail>
				</then>
				<elseif>
					<contains string="${error}" substring="exec doesn't support the nested &quot;property&quot; element." casesensitive="false"/>
					<then>
						<fail>"Call" task does not support "property" element for "@{fileType}" fileType</fail>
					</then>
				</elseif>
				<else>
					<fail>${error}</fail>
				</else>
			</if>
		    </catch>
		    
		  </trycatch>
		</then>
		<else> 
                	<fail> Invalid file path @{file} specified in Call tag of ${DeploymentPlan.file} file </fail>		  
		</else>
	</if>
</sequential>  
</macrodef>  
	
<macrodef name="UploadAndUnzip" description="Macro used to upload and unzip jar file to location on server">
  <attribute name="server" default="null"/>
  <attribute name="target" default="null"/>
  <attribute name="failonerror" default="abort"/>
  <attribute name="UploadFileLocation" default="null" />
  <attribute name="UploadTo" default="" />
  <attribute name="UploadPath" default="" />
  <attribute name="copyonly" default="false"/>
  
  <sequential>
    
    <!-- verify if upload tag has valid connection details -->
    <if>
      <equals arg1="@{server}" arg2="null"/>
      <then>
        <fail message="Invalid connection details provided in Upload and Unzip tag" />
      </then>   
    </if>
    
    <!-- verify if upload file tag is populated -->
    <if>
      <equals arg1="@{UploadFileLocation}" arg2="null"/>
      <then>
        <fail message="Invalid Upload file location in Upload and Unzip" />
      </then>   
    </if>
    
    <!-- verify if adminhostname, servertype, username are valid values --> 
    <fail message="Valid values not provided for adminhostname, servertype, username, password for @{server} ">
      <condition>            
        <or>
          <not> 
            <isset property="@{server}.adminhostname" />
          </not>
          <not>         
            <isset property="@{server}.adminport" />
          </not>
          <not>         
            <isset property="@{server}.password" />
          </not>
          <not>         
            <isset property="@{server}.username" />
          </not>
          <not>         
            <isset property="@{server}.servertype" />
          </not>
        </or> 
      </condition>
    </fail>  
    
    <!-- retrieve variables from AIA Install properties.xml -->
    <var name="adminhostname" value="${@{server}.adminhostname}" />
    <var name="username" value="${@{server}.username}" />
    <var name="password" value="${@{server}.password}" />
    <var name="servertype" value="${@{server}.servertype}" />
    <var name="adminport" value="${@{server}.adminport}" />
<var name="deploymentOrder" value="100" />
<var name="libraryModule" value="false" />
<var name="planPath" value="null" />
<var name="appName" value="FPInfraService" />
    
    <if>
      <equals arg1="@{target}" arg2="null"/>
      <then>
        <wldeploy action="deploy" name="FPInfraService"
                  user="${username}"
                  password="${password}"
                  adminurl="t3://${adminhostname}:${adminport}"
                  failonerror="@{failonerror}" 
                  upload="true"
                  usenonexclusivelock="true"
			nowait="false"
                  source="${AIA_HOME}/Infrastructure/Install/applications/FPInfraServices.war">
        </wldeploy>
      </then>
      <else>
      <wlst debug="false" failonerror="@{failonerror}"
                                filename="${AIA_HOME}/Infrastructure/Install/AID/lib/py/deployApplication.py"
                                arguments="${adminhostname} ${adminport} ${username} ${password} ${appName} ${AIA_HOME}/Infrastructure/Install/applications/FPInfraServices.war @{target} ${deploymentOrder} ${libraryModule} ${planPath}"></wlst>

      </else>
    </if>
    
    <sleep seconds="10"/>
    
    <path id="library.Servlet.Runtime">
      <pathelement location="${aiainstance.soaHome}/soa/modules/commons-fileupload-1.1.jar"/>
      <pathelement location="${AIA_HOME}/Infrastructure/Install/applications/FPInfraServiceClient.jar"/>
      <pathelement location="${env.WL_HOME}/server/lib/weblogic.jar"/>
    </path>
    
    <if>
      <and>
        <not>
          <equals arg1="@{target}" arg2="null"/>
        </not>
        <equals arg1="${servertype}" arg2="Cluster"/>
      </and>
      <then>
        <!-- Upload to soa server perticularly on a cluster -->
        <java classname="oracle.apps.aia.core.client.ZipHandlerClient" fork="true" failonerror="true" classpathref="library.Servlet.Runtime">
          <arg value="@{UploadFileLocation}"/>
          <arg value="${adminhostname}"/>
          <arg value="${adminport}"/>
          <arg value="${servertype}"/>
          <arg value="@{copyonly}"/>
          
          <arg value="${@{server}.soaserver}"/>
          <arg value="${username}"/>
          <arg value="${password}"/>
          <arg value="@{UploadTo}"/>
          <arg value="@{UploadPath}"/>
        </java>
      </then>
      <elseif>
        <and>
          <not>
            <equals arg1="@{target}" arg2="null"/>
          </not>
          <equals arg1="${servertype}" arg2="Server"/>
        </and>
        <then>
          <java classname="oracle.apps.aia.core.client.ZipHandlerClient" fork="true" failonerror="true" classpathref="library.Servlet.Runtime">
            <arg value="@{UploadFileLocation}"/>
            <arg value="${@{server}.soaserverhostname}"/>
            <arg value="${@{server}.soaserverport}"/>
            <arg value="${servertype}"/>
            <arg value="@{copyonly}"/>
            <arg value="@{UploadTo}"/>
            <arg value="@{UploadPath}"/>
          </java>
        </then>
      </elseif>
      <else>
        <java classname="oracle.apps.aia.core.client.ZipHandlerClient" fork="true" failonerror="true" classpathref="library.Servlet.Runtime">
          <arg value="@{UploadFileLocation}"/>
          <arg value="${adminhostname}"/>
          <arg value="${adminport}"/>
          <arg value="Server"/>
          <arg value="@{copyonly}"/>
          <arg value="@{UploadTo}"/>
          <arg value="@{UploadPath}"/>
        </java>
      </else>
    </if>
    
    <if>
      <equals arg1="@{target}" arg2="null"/>
      <then>
        <wldeploy action="undeploy" name="FPInfraService"
                  verbose="true"
                  user="${username}"
                  password="${password}"
                  adminurl="t3://${adminhostname}:${adminport}"
                  failonerror="@{failonerror}" 
                  usenonexclusivelock="true">
        </wldeploy>
      </then>
      <else>
        <wldeploy action="undeploy" name="FPInfraService"
                  user="${username}"
                  verbose="true"
                  password="${password}"
                  adminurl="t3://${adminhostname}:${adminport}"
                  targets="@{target}"
                  failonerror="@{failonerror}" 
                  usenonexclusivelock="true">
        </wldeploy>
      </else>
    </if>
    
    <var name="adminhostname" unset="true" />
    <var name="username" unset="true" />
    <var name="password" unset="true" />
    <var name="servertype" unset="true" />
    <var name="adminport" unset="true" />
    
  </sequential>
</macrodef>  

 <macrodef name="AIAGlobalSecurityPolicy" description="Macro used to configure AIAGlobalSecurityPolicy">
    <attribute name="wlserver" default="null"/>
    <attribute name="inputPolicyConfigurationFile" default="null"/>
    <attribute name="action" default="null"/>
    <attribute name="failonerror" default="false"/>
	
  <sequential>
  
  <!-- verify if AIAGlobalSecurityPolicy tag has valid wlserver details -->
	  <if>
	    <equals arg1="@{wlserver}" arg2="null"/>
		 <then>
			<fail message="Invalid connection details provided in @{wlserver} AIAGlobalSecurityPolicy tag" />
		 </then>	  
	  </if>
 
 	  <if>
	    <equals arg1="@{action}" arg2="null"/>
		 <then>
			<fail message="Please specify a valid value (create or delete) for 'action' attribute in AIAGlobalSecurityPolicy tag" />
		 </then>	  
	  </if>
 	  <if>
	    <equals arg1="@{inputPolicyConfigurationFile}" arg2="null"/>
		 <then>
			<fail message="Please specify a valid policy rules file for 'inputPolicyConfigurtaionFile' attribute in AIAGlobalSecurityPolicy tag" />
		 </then>	  
	  </if>
 
<path id="config.store.path">
                <fileset file="${env.WL_HOME}/server/lib/weblogic.jar" />
                <fileset file="${env.AIA_HOME}/lib/aia-utils.jar" />

</path>

<java classname="oracle.aia.utils.keyStoreUtil.storeUserConfig" classpathref="config.store.path" fork="true" failonerror="true">
                        <arg value="${fp.server.username}"/>
                        <arg value="${fp.server.password}"/>
                        <arg value="${aia.instance}/tmp/keyFile"/>
                        <arg value="${aia.instance}/tmp/propFile"/>
</java>
 <fail message="Valid values not provided for wlserver details ">
       <condition>   			
		  <or>
			  <not> 
				  <isset property="@{wlserver}.server.adminhostname" />
			  </not>
			  <not>			 
				   <isset property="@{wlserver}.server.adminport" />
			  </not>
			  <not>			 
				   <isset property="@{wlserver}.server.username" />
			  </not>
			  <not>			 
				   <isset property="@{wlserver}.server.password" />
			  </not>
			 </or> 
		</condition>
    </fail>  
  <condition property="windows.or.unix.os" value="${MW_HOME}/oracle_common/common/bin/wlst.cmd"> 
                <os family="windows"/>
  </condition>
  <condition property="windows.or.unix.os" value="${MW_HOME}/oracle_common/common/bin/wlst.sh">
                <os family="unix"/>
  </condition>

  
  <if>
      <equals arg1="@{action}" arg2="create" />     

      <then> 
		<exec executable="${windows.or.unix.os}" dir ="${MW_HOME}/oracle_common/common/bin" failonerror="@{failonerror}">
		    <arg value="${AIA_HOME}/Infrastructure/Install/AID/lib/py/globalpolicy.py"/>
		    <arg value="${@{wlserver}.server.adminhostname}"/>
		    <arg value="${@{wlserver}.server.adminport}"/>
                        <arg value="${aia.instance}/tmp/propFile"/>
                        <arg value="${aia.instance}/tmp/keyFile"/>
		    <arg value="@{inputPolicyConfigurationFile}"/>
		    <arg value="${@{wlserver}.server.domainname}"/>
		    <arg value="${@{wlserver}.server.soaserver}"/>
                    <arg value="${@{wlserver}.server.servertype}"/>
		</exec>
      </then>
      <elseif> 
          <equals arg1="@{action}" arg2="delete" />
          <then>
		<exec executable="${windows.or.unix.os}" dir ="${MW_HOME}/oracle_common/common/bin" failonerror="@{failonerror}">
		    <arg value="${AIA_HOME}/Infrastructure/Install/AID/lib/py/removeglobalpolicy.py"/>
		    <arg value="${@{wlserver}.server.adminhostname}"/>
		    <arg value="${@{wlserver}.server.adminport}"/>
                        <arg value="${aia.instance}/tmp/propFile"/>
                        <arg value="${aia.instance}/tmp/keyFile"/>
		    <arg value="@{inputPolicyConfigurationFile}"/>
		</exec>
             
        </then>       
    </elseif>

   
  </if> 
<delete file="${aia.instance}/tmp/keyFile"/>
<delete file="${aia.instance}/tmp/propFile"/>
 </sequential>

</macrodef>


 <macrodef name="AIAImportSecurityPolicy" description="Macro used to Import AIA  Security Policies ">
    <attribute name="wlserver" default="null"/>
    <attribute name="dir" default="null"/>
    <attribute name="action" default="null"/>
    <attribute name="failonerror" default="false"/>
	
  <sequential>
  
  <!-- verify if AIAImportSecurityPolicy tag has valid wlserver details -->
	  <if>
	    <equals arg1="@{wlserver}" arg2="null"/>
		 <then>
			<fail message="Invalid connection details provided in @{wlserver} AIAImportSecurityPolicy tag" />
		 </then>	  
	  </if>
 
 	  <if>
	    <equals arg1="@{action}" arg2="null"/>
		 <then>
			<fail message="Please specify a valid value (create or delete) for 'action' attribute in AIAImportSecurityPolicy tag" />
		 </then>	  
	  </if>
 	  <if>
	    <equals arg1="@{dir}" arg2="null"/>
		 <then>
			<fail message="Please specify a valid policy folder for 'dir' attribute in AIAImportSecurityPolicy tag" />
		 </then>	  
	  </if>
<path id="config.store.path">
                <fileset file="${env.WL_HOME}/server/lib/weblogic.jar" />
                <fileset file="${env.AIA_HOME}/lib/aia-utils.jar" />

</path>
<java classname="oracle.aia.utils.keyStoreUtil.storeUserConfig" classpathref="config.store.path" fork="true" failonerror="true">
                        <arg value="${fp.server.username}"/>
                        <arg value="${fp.server.password}"/>
                        <arg value="${aia.instance}/tmp/keyFile"/>
                        <arg value="${aia.instance}/tmp/propFile"/>
</java>
<!--
	<fail message="Error: No policies folder in @{dir}">
		<condition>
			<not>
			<available file="@{dir}/policies" type="dir" />
			</not>
		</condition>
	</fail>
-->

 
   	<var name="inputPolicyZipFile" value="${application.tmpdir}/aia_security_policies.zip" />

	<delete file="${inputPolicyZipFile}" failonerror="false" />
	<delete dir="${application.tmpdir}/META-INF" failonerror="false" />
	<mkdir dir="${application.tmpdir}/META-INF" />
	<copydir src="@{dir}" dest="${application.tmpdir}/META-INF" includes="policies/**" /> 
	<zip destfile="${inputPolicyZipFile}" basedir="${application.tmpdir}" includes="META-INF/**" />



 <fail message="Valid values not provided for wlserver details ">
       <condition>   			
		  <or>
			  <not> 
				  <isset property="@{wlserver}.server.adminhostname" />
			  </not>
			  <not>			 
				   <isset property="@{wlserver}.server.adminport" />
			  </not>
			  <not>			 
				   <isset property="@{wlserver}.server.username" />
			  </not>
			  <not>			 
				   <isset property="@{wlserver}.server.password" />
			  </not>
			 </or> 
		</condition>
    </fail>  
  <condition property="windows.or.unix.os" value="${MW_HOME}/oracle_common/common/bin/wlst.cmd"> 
                <os family="windows"/>
  </condition>
  <condition property="windows.or.unix.os" value="${MW_HOME}/oracle_common/common/bin/wlst.sh">
                <os family="unix"/>
  </condition>

  
  <if>
      <equals arg1="@{action}" arg2="create" />     
      <then> 
		<exec executable="${windows.or.unix.os}" dir ="${MW_HOME}/oracle_common/common/bin" failonerror="@{failonerror}">
		    <arg value="${AIA_HOME}/Infrastructure/Install/AID/lib/py/importpolicy.py"/>
		    <arg value="${@{wlserver}.server.adminhostname}"/>
		    <arg value="${@{wlserver}.server.adminport}"/>
                        <arg value="${aia.instance}/tmp/propFile"/>
                        <arg value="${aia.instance}/tmp/keyFile"/>
		    <arg value="${inputPolicyZipFile}"/>
		</exec>
      </then>
  </if> 

<delete file="${aia.instance}/tmp/keyFile"/>
<delete file="${aia.instance}/tmp/propFile"/>
 </sequential>

</macrodef>

<macrodef name="createStore" description="Macro used to encrypt the keystore.">
    <attribute name="server" default="null"/>
	<attribute name="type" default="cks"/>
    <sequential>


	  <!-- verify if upload tag has valid connection details -->
	  <if>
	    <equals arg1="@{server}" arg2="null"/>
		 <then>
			<fail message="Invalid connection details provided in Upload and Unzip tag" />
		 </then>	  
	  </if>

	  	  
    <!-- verify if adminhostname, servertype, username are valid values --> 
<fail message="Valid values not provided for adminhostname, servertype, username, password for @{server} ">
       <condition>   			
		  <or>
		  <not> 
<isset property="@{server}.adminhostname" />
		  </not>
		  <not>			 
			   <isset property="@{server}.adminport" />
		  </not>
		  <not>			 
			   <isset property="@{server}.password" />
		  </not>
		  <not>			 
			   <isset property="@{server}.username" />
		  </not>
		  <not>			 
			   <isset property="@{server}.servertype" />
		 </not>
			</or> 
		</condition>
    </fail>  
		<property name="aia.instance" value="${env.AIA_HOME}/aia_instances/${aiainstance.name}"/>
  
	<path id="store.create.classpath">
                <fileset file="${env.WL_HOME}/server/lib/weblogic.jar" />
        	<fileset file="${env.MW_HOME}/modules/org.apache.ant_1.7.1/lib/xercesImpl.jar" />
                <fileset file="${env.AIA_HOME}/lib/aia-utils.jar" />
                <fileset file="${env.MW_HOME}/oracle_common/modules/oracle.jps_11.1.1/jps-mbeans.jar" />
     </path>
<if>
	    <equals arg1="@{type}" arg2="File"/>
		 <then>
			<java classname="oracle.apps.aia.utils.CreateKS" classpathref="store.create.classpath" fork="true" failonerror="true">
                        <arg value="${aia.instance}/config/AIAInstallProperties.xml"/>
                        <arg value="@{type}"/>

                </java>
		<if>
    			<equals arg1="${aiainstance.isencrypted}" arg2="true" />
		<then>
		<jar destfile="${aia.instance}/config.jar"
       		 basedir="${aia.instance}"
       		 includes=".configuration/**"
       		/>
		<UploadAndUnzip server="fp.server" UploadFileLocation="${aia.instance}/config.jar" UploadTo="ADMIN_HOME" UploadPath="/security"/>
		<delete file="${aia.instance}/config.jar"/>
		</then>
		</if>
	</then>
</if>		
			  
	  <if>
		<equals arg1="@{type}" arg2="cks"/>
		 <then>
			<java classname="oracle.apps.aia.utils.CreateKS" classpathref="store.create.classpath" fork="true" failonerror="true">
                        <arg value="${aia.instance}/config/AIAInstallProperties.xml"/>
                        <arg value="@{type}"/>

                </java>		
		 </then>	  
	  </if>


       
    </sequential>
  </macrodef>	

<macrodef name="resetStore" description="Macro used to clean the credential keystore.">
    <attribute name="server" default="null"/>
    <sequential>


	  <!-- verify if upload tag has valid connection details -->
	  <if>
	    <equals arg1="@{server}" arg2="null"/>
		 <then>
			<fail message="Invalid connection details provided in Upload and Unzip tag" />
		 </then>	  
	  </if>

	  	  
    <!-- verify if adminhostname, servertype, username are valid values --> 
<fail message="Valid values not provided for adminhostname, servertype, username, password for @{server} ">
       <condition>   			
		  <or>
		  <not> 
		      <isset property="@{server}.adminhostname" />
		  </not>
		  <not>			 
			   <isset property="@{server}.adminport" />
		  </not>
		  <not>			 
			   <isset property="@{server}.password" />
		  </not>
		  <not>			 
			   <isset property="@{server}.username" />
		  </not>
		  <not>			 
			   <isset property="@{server}.servertype" />
		 </not>
			</or> 
		</condition>
    </fail>  
		<property name="aia.instance" value="${env.AIA_HOME}/aia_instances/${aiainstance.name}"/>
  
	<path id="store.create.classpath">
                <fileset file="${env.WL_HOME}/server/lib/weblogic.jar" />
        	<fileset file="${env.MW_HOME}/modules/org.apache.ant_1.7.1/lib/xercesImpl.jar" />
                <fileset file="${env.AIA_HOME}/lib/aia-utils.jar" />
                <fileset file="${env.MW_HOME}/oracle_common/modules/oracle.jps_11.1.1/jps-mbeans.jar" />
     </path>
	  
	  	<java classname="aia.utils.keyStoreUtil.deleteCredStore" classpathref="store.create.classpath" fork="true" failonerror="true">
                        <arg value="${aia.instance}/config/AIAInstallProperties.xml"/>
                        <arg value="${@{server}.username}"/>
			<arg value="${@{server}.password}"/>
                </java>
	
    </sequential>
  </macrodef>	
<macrodef name="CredentialStoreAccessPermission" description="Macro used to grant/revoke credential store access permission">
    <attribute name="wlserver" default="null"/>
    <attribute name="mapName" default="oracle.aia.security"/>
    <attribute name="codeBaseURL" default="null"/>
    <attribute name="permActions" default="*"/>
    <attribute name="action" default="null"/>
    <attribute name="failonerror" default="true"/>
	
  <sequential>
  
  <!-- verify if CredentialStoreAccessPermission tag has valid wlserver details -->
	  <if>
	    <equals arg1="@{wlserver}" arg2="null"/>
		 <then>
			<fail message="Invalid connection details provided in @{wlserver} CredentialStoreAccessPermission tag" />
		 </then>	  
	  </if>
 
 	  <if>
	    <equals arg1="@{action}" arg2="null"/>
		 <then>
			<fail message="Please specify a valid value (create or delete) for 'action' attribute in CredentialStoreAccessPermission tag" />
		 </then>	  
	  </if>
 	  <if>
	    <equals arg1="@{mapName}" arg2="null"/>
		 <then>
			<fail message="Please specify a valid policy rules file for 'mapName' attribute in CredentialStoreAccessPermission tag" />
		 </then>	  
	  </if>
 

 <fail message="Valid values not provided for wlserver details ">
       <condition>   			
		  <or>
			  <not> 
				  <isset property="@{wlserver}.server.adminhostname" />
			  </not>
			  <not>			 
				   <isset property="@{wlserver}.server.adminport" />
			  </not>
			  <not>			 
				   <isset property="@{wlserver}.server.username" />
			  </not>
			  <not>			 
				   <isset property="@{wlserver}.server.password" />
			  </not>
			 </or> 
		</condition>
    </fail>  
  <condition property="windows.or.unix" value="${MW_HOME}/oracle_common/common/bin/wlst.cmd"> 
                <os family="windows"/>
  </condition>
  <condition property="windows.or.unix" value="${MW_HOME}/oracle_common/common/bin/wlst.sh">
                <os family="unix"/>
  </condition>

<path id="config.store.path">
                <fileset file="${env.WL_HOME}/server/lib/weblogic.jar" />
                <fileset file="${env.AIA_HOME}/lib/aia-utils.jar" />

</path>
<java classname="oracle.aia.utils.keyStoreUtil.storeUserConfig" classpathref="config.store.path" fork="true" failonerror="true">
                        <arg value="${fp.server.username}"/>
                        <arg value="${fp.server.password}"/>
                        <arg value="${aia.instance}/tmp/keyFile"/>
                        <arg value="${aia.instance}/tmp/propFile"/>
</java>

  
  <if>
      <equals arg1="@{action}" arg2="create" />     

      <then> 
		<exec executable="${windows.or.unix}" dir ="${MW_HOME}/oracle_common/common/bin" failonerror="@{failonerror}">
		    <arg value="${AIA_HOME}/Infrastructure/Install/AID/lib/py/grantCredentialAccessPermission.py"/>
		    <arg value="${@{wlserver}.server.adminhostname}"/>
		    <arg value="${@{wlserver}.server.adminport}"/>
                        <arg value="${aia.instance}/tmp/propFile"/>
                        <arg value="${aia.instance}/tmp/keyFile"/>
		    <arg value="@{codeBaseURL}"/>
		    <arg value="oracle.security.jps.service.credstore.CredentialAccessPermission"/>
		    <arg value="context=SYSTEM,mapName=@{mapName},keyName=*"/>
		    <arg value="@{permActions}"/>
		</exec>
      </then>
      <elseif> 
          <equals arg1="@{action}" arg2="delete" />
          <then>
		<exec executable="${windows.or.unix}" dir ="${MW_HOME}/oracle_common/common/bin" failonerror="@{failonerror}">
		    <arg value="${AIA_HOME}/Infrastructure/Install/AID/lib/py/revokeCredentialAccessPermission.py"/>
		    <arg value="${@{wlserver}.server.adminhostname}"/>
		    <arg value="${@{wlserver}.server.adminport}"/>
                        <arg value="${aia.instance}/tmp/propFile"/>
                        <arg value="${aia.instance}/tmp/keyFile"/>
		    <arg value="@{codeBaseURL}"/>
		    <arg value="oracle.security.jps.service.credstore.CredentialAccessPermission"/>
		    <arg value="context=SYSTEM,mapName=@{mapName},keyName=*"/>
		    <arg value="@{permActions}"/>
		</exec>
             
        </then>       
    </elseif>

   
  </if> 
<delete file="${aia.instance}/tmp/keyFile"/>
<delete file="${aia.instance}/tmp/propFile"/>
 </sequential>

</macrodef>


<target name="usage">		
   <echo> Please Import the macros and invoke the required ant task  </echo>
</target>
		
		
		
		
	

</project>

