<?xml version="1.0" encoding="UTF-8"?>
<project name="AIDDeploymentLibraryTasks" basedir="." default="usage">
    <property environment="env"/>
    <property name="AIA_HOME" value="${env.AIA_HOME}"/>
    <property name="SOA_HOME" value="${env.SOA_HOME}"/>
    <property name="MW_HOME" value="${env.MW_HOME}"/>
    <property name="WL_HOME" value="${env.WL_HOME}"/>
    <property name="AIA_ALT_SERVICES" value="${env.AIA_ALT_SERVICES}"/>
    <xmlproperty file="${PropertiesFile}" keeproot="false"/>
    <taskdef resource="net/sf/antcontrib/antcontrib.properties"/>
    <xmlproperty file="${AIA_HOME}/aia_instances/${aiainstance.name}/config/AIAInstallDefaultProperties.xml"
                 keeproot="false"/>
    <taskdef name="wlserver"
             classname="weblogic.ant.taskdefs.management.WLServer">
        <classpath>
            <pathelement location="${env.WL_HOME}/server/lib/weblogic.jar"/>
        </classpath>
    </taskdef>
    <taskdef name="wlconfig"
             classname="weblogic.ant.taskdefs.management.WLConfig">
        <classpath>
            <pathelement location="${env.WL_HOME}/server/lib/weblogic.jar/"/>
        </classpath>
    </taskdef>
    <taskdef name="wldeploy"
             classname="weblogic.ant.taskdefs.management.WLDeploy">
        <classpath>
            <pathelement location="${env.WL_HOME}/server/lib/weblogic.jar/"/>
        </classpath>
    </taskdef>
    <taskdef name="wlst" classname="weblogic.ant.taskdefs.management.WLSTTask">
        <classpath>
            <pathelement location="${env.WL_HOME}/server/lib/weblogic.jar/"/>
        </classpath>
    </taskdef>
    <macrodef name="ValidateSOAServerDetails">
        <attribute name="wlserver" default="null"/>
        <sequential>
            <!-- Verify if wlserver contains valid values -->
            <fail message="Valid values not provided for wlserver details ">
                <condition>
                    <or>
                        <equals arg1="@{wlserver}" arg2="null"/>
                        <not>
                            <isset property="@{wlserver}.server.adminhostname"/>
                        </not>
                        <not>
                            <isset property="@{wlserver}.server.adminport"/>
                        </not>
                        <not>
                            <isset property="@{wlserver}.server.username"/>
                        </not>
                        <not>
                            <isset property="@{wlserver}.server.password"/>
                        </not>
                        <not>
                            <isset property="@{wlserver}.server.soaserver"/>
                        </not>
                        <not>
                            <isset property="@{wlserver}.server.servertype"/>
                        </not>
                    </or>
                </condition>
            </fail>
        </sequential>
    </macrodef>
    <!--Deploys the application and specifies its target server-->
    <macrodef name="Application"
              description="Macro to deploy J2ee applications">
        <attribute name="wlserver" default="null"/>
        <attribute name="failonerror" default="true"/>
        <attribute name="action" default="null"/>
        <attribute name="name" default="null"/>
        <attribute name="filelocation" default="null"/>
        <attribute name="deploymentOrder"
                   default="${application.deploymentOrder}"/>
        <attribute name="libraryModule" default="false"/>
        <attribute name="planPath" default="null"/>
        <sequential>
        
            <if>
              <equals arg1="@{action}" arg2="null"/>
              <then>
                <fail message="Please specify a valid value (deploy or undeploy or no-action) for 'action' attribute in application tag" />
              </then>	  
            </if>
  
            <!-- Check for no-action before validations -->
            <if>
              <equals arg1="@{action}" arg2="no-action" />
              <then>
                <echo message="No-action has been selected due to the condition specified in the policy file for the Application: @{name}"></echo>
              </then>  
            
              <else>
                  <ValidateSOAServerDetails wlserver="@{wlserver}"/>
                  <!-- Perform deploy or undeploy depending on the value in action attribute  -->
                  <if>
                      <equals arg1="@{action}" arg2="deploy"/>
                      <then>
                          <if>
                              <equals arg1="@{filelocation}" arg2="null"/>
                              <then>
                                  <fail message="Please specify a valid value for filelocation in the application tag"/>
                              </then>
                          </if>
                          <wlst debug="false" failonerror="@{failonerror}"
                                filename="${AIA_HOME}/Infrastructure/Install/AID/lib/py/deployApplication.py"
                                arguments="${@{wlserver}.server.adminhostname} ${@{wlserver}.server.adminport} ${@{wlserver}.server.username} ${@{wlserver}.server.password} @{name} @{filelocation} ${@{wlserver}.server.soaserver} @{deploymentOrder} @{libraryModule} @{planPath}"></wlst>
                      </then>
                      <elseif>
                          <equals arg1="@{action}" arg2="undeploy"/>
                          <then>
                              <wldeploy action="undeploy" name="@{name}"
                                        user="${@{wlserver}.server.username}"
                                        password="${@{wlserver}.server.password}"
                                        adminurl="t3://${@{wlserver}.server.adminhostname}:${@{wlserver}.server.adminport}"
                                        targets="${@{wlserver}.server.soaserver}"
					usenonexclusivelock="true"
                                        failonerror="@{failonerror}"></wldeploy>
                          </then>
                      </elseif>    
                      <else>
                          <fail message="Please specify a valid value (deploy or undeploy or no-action) for action attribute in Application tag"/>
                      </else>
                  </if>
              </else>
            </if>
        </sequential>
    </macrodef>
    <macrodef name="Composite">
        <Attribute name="compositedir" default="null"/>
        <Attribute name="compositeName"/>
        <Attribute name="wlserver"/>
        <Attribute name="revision"/>
        <Attribute name="overwrite" default="false"/>
        <Attribute name="forceDefault" default="true"/>
	<Attribute name="forceMerge" default="false"/>
        <Attribute name="scac.application.home"
                   default="${composite.scac.application.home}"/>
        <Attribute name="configplan" default="null"/>
        <Attribute name="action" default="null"/>
        <Attribute name="failonerror" default="true"/>
	<Attribute name="configureEndpoint" default="true"/>
        <sequential>
            <if>
              <equals arg1="@{action}" arg2="null"/>
              <then>
                <fail message="Please specify a valid value (deploy or undeploy or no-action) for 'action' attribute in composite tag" />
              </then>	  
            </if>
  
            <!-- Check for no-action before validations -->
            <if>
              <equals arg1="@{action}" arg2="no-action" />
              <then>
                <echo message="No-action has been selected due to the condition specified in the policy file for the Composite: @{compositeName}"></echo>
              </then>  
            
              <else>
                  <ValidateSOAServerDetails wlserver="@{wlserver}"/>
                  <!-- Perform deploy or undeploy depending on the value in action attribute  -->
		  <if>
			<equals arg1="@{configureEndpoint}" arg2="true"/>
			<then>
	                  <EndpointConfigurator target-server="@{wlserver}" dir="@{compositedir}" />
			</then>
		  </if>
                  <if>
                      <equals arg1="@{configplan}" arg2="null"/>
                      <then>
                          <if>
                              <available file="@{compositedir}/AIAConfigurationPlan.xml" type="file" />
                              <then>
                                <var name="configurationPlan" value="@{compositedir}/AIAConfigurationPlan.xml"/>
                              </then>
                              <elseif>
                                  <available file="@{compositedir}/@{compositeName}_cfgplan.xml" type="file" />
                                  <then>
                                    <var name="configurationPlan" value="@{compositedir}/@{compositeName}_cfgplan.xml"/>
                                  </then>
                              </elseif>
                              <else>
                                <var name="configurationPlan" value="null"/>
                              </else>
                          </if>
                      </then>
                      <elseif>
                          <available file="@{configplan}" type="file" />
                          <then>
                            <var name="configurationPlan" value="@{configplan}"/>
                          </then>
                      </elseif>
                      <else>
                        <fail message="@{configplan} not found. Please provide a valid filepath for the config plan."/>
                      </else>
                  </if>
                  <if>
                      <equals arg1="@{action}" arg2="deploy"/>
                      <then>
                          <if>
                              <equals arg1="@{compositedir}" arg2="null"/>
                              <then>
                                  <fail message="Please specify a valid value for filelocation in the application tag"/>
                              </then>
                          </if>
                          <DeployComposite wlserver="@{wlserver}"
                                           compositedir="@{compositedir}"
                                           scac.application.home="@{scac.application.home}"
                                           compositename="@{compositeName}"
                                           revision="@{revision}"
                                           configplan="${configurationPlan}"
                                           overwrite="@{overwrite}"
                                           forcedefault="@{forceDefault}"
                                           forceMerge="@{forceMerge}"
                                           failonerror="@{failonerror}"/>
                      </then>
                      <elseif>
                          <equals arg1="@{action}" arg2="undeploy"/>
                          <then>
                              <UndeployComposite wlserver="@{wlserver}" 
                                                 compositedir="@{compositedir}"
                                                 compositename="@{compositeName}"
                                                 revision="@{revision}"
                                                 failonerror="false"/>
                          </then>
                      </elseif>                      
                      <else>
                          <fail message="Please specify a valid value (deploy or undeploy or no-action) for action attribute in Composite tag"/>
                      </else>
                  </if>
              </else>
            </if>
        </sequential>
    </macrodef>
    <macrodef name="DeployComposite">
        <Attribute name="wlserver"/>
        <Attribute name="compositedir"/>
        <Attribute name="scac.application.home"/>
        <Attribute name="compositeName"/>
        <Attribute name="revision"/>
        <Attribute name="configplan" default="null"/>
        <Attribute name="overwrite"/>
        <Attribute name="forceDefault"/>
	<Attribute name="forceMerge"/>
        <Attribute name="failonerror" default="true"/>
        <sequential>
            <!--the following tasks are to compile validate package and deploy composites-->
            <!-- ant antfile="${SOA_HOME}/bin/ant-sca-compile.xml" target="scac"
                 dir="${SOA_HOME}/bin">
                <property name="scac.input"
                          value="@{compositedir}/composite.xml"/>
                <property name="scac.application.home"
                          value="@{scac.application.home}"/>
                <property name="scac.output"
                          value="${application.tmpdir}/out.xml"/>
                <property name="scac.error"
                          value="${application.tmpdir}/out.err"/>                <property name="scac.user.classpath"
                          value="${AIA_HOME}/lib/aia.jar"/>
            </ant -->
            <ant antfile="${SOA_HOME}/bin/ant-sca-package.xml" target="package"
                 dir="${SOA_HOME}/bin">
                <property name="compositeDir" value="@{compositedir}"/>
                <property name="compositeName" value="@{compositeName}"/>
                <property name="revision" value="@{revision}"/>
                <property name="scac.application.home"
                          value="@{scac.application.home}"/> 
		<property name="scac.output"
                          value="${application.tmpdir}/out.xml"/>
                <property name="scac.error"
                          value="${application.tmpdir}/out.err"/>
               <property name="scac.user.classpath"
                          value="${AIA_HOME}/lib/aia.jar"/>
            </ant>
            <!--	
        <ant antfile="${SOA_HOME}/bin/ant-sca-compile.xml" target="generateplan" dir="${SOA_HOME}/bin">
            <property name="scac.input" value="@{compositedir}/composite.xml"/>
            <property name="scac.plan" value="@{compositedir}/deploy/auto_defaultconfigplan.xml"/>
            <property name="scac.application.home" value="@{scac.application.home}"/>
        </ant>
    -->
            <if>
                <equals arg1="@{configplan}" arg2="null"/>
                <then>
                    <ant antfile="${SOA_HOME}/bin/ant-sca-deploy.xml"
                         target="deploy" dir="${SOA_HOME}/bin">
                        <property name="sarLocation"
                                  value="@{compositedir}/deploy/sca_@{compositeName}_rev@{revision}.jar"/>
                        <property name="serverURL"
                                  value="http://${@{wlserver}.server.soaserverhostname}:${@{wlserver}.server.soaserverport}"/>
                        <property name="user"
                                  value="${@{wlserver}.server.username}"/>
                        <property name="password"
                                  value="${@{wlserver}.server.password}"/>
                        <property name="overwrite" value="@{overwrite}"/>
                        <property name="forceDefault" value="@{forceDefault}"/>                <property name="scac.user.classpath"
                          value="${AIA_HOME}/lib/aia.jar"/>
                        <property name="failOnError" value="@{failonerror}"/>
                    </ant>
                </then>
                <else>
                    <ant antfile="${SOA_HOME}/bin/ant-sca-deploy.xml"
                         target="deploy" dir="${SOA_HOME}/bin">
                        <property name="sarLocation"
                                  value="@{compositedir}/deploy/sca_@{compositeName}_rev@{revision}.jar"/>
                        <property name="configplan" value="@{configplan}"/>
                        <property name="serverURL"
                                  value="http://${@{wlserver}.server.soaserverhostname}:${@{wlserver}.server.soaserverport}"/>
                        <property name="user"
                                  value="${@{wlserver}.server.username}"/>
                        <property name="password"
                                  value="${@{wlserver}.server.password}"/>
                        <property name="overwrite" value="@{overwrite}"/>
                        <property name="forceDefault" value="@{forceDefault}"/>                <property name="scac.user.classpath"
                          value="${AIA_HOME}/lib/aia.jar"/>
                        <property name="failOnError" value="@{failonerror}"/>
                    </ant>
                </else>
            </if>

            <if>
                <available file="@{compositedir}/AIAServiceConfigurationProperties.xml"/>
                <then>
                    <ant antfile="${AIA_HOME}/Infrastructure/Install/AID/lib/XSLMerge.xml"
                         target="setup">
                        <property name="compositeDir" value="@{compositedir}"/>
			<property name="aiainstanceName" value="${aiainstance.name}"/>
			<property name="forceMergeAIAConfigProperties" value="@{forceMerge}"/>
                    </ant>
                    <UpdateMetadata wlserver="fp">
                        <fileset dir="${AIA_INSTANCE}/AIAMetaData">
                            <include name="config/AIAConfigurationProperties.xml"/>
                        </fileset>
                    </UpdateMetadata>
                </then>
                <else>
                    <echo message="AIAServiceConfigurationProperties.xml does not exist in @{compositedir}"></echo>
                </else>
            </if>

            <if>
                <available file="@{compositedir}/AIASecurityConfigurationProperties.xml"/>
                <then>
                    <echo message="Using AIAsecurityConfigurationProperties.xml to directly attach a policy for @{compositedir}"></echo>
                    <AIALocalSecurityPolicy wlserver="@{wlserver}" inputPolicyConfigurationFile="@{compositedir}/AIASecurityConfigurationProperties.xml" compositeVersion="@{revision}" failonerror="@{failonerror}" action="create"/>
                </then>
                <else>
                    <echo message="AIASecurityConfigurationProperties.xml does not exist in @{compositedir}"></echo>
                </else>
            </if>

        </sequential>
    </macrodef>

   <macrodef name="AIAModuleConfigurations">
	<Attribute name="forceMerge" default="false" />
	<Attribute name="action" />
	<text name="moduleConfiguration"/>
         <sequential>
		<tempfile property="moduleconfig.tempfile"  destdir="${application.tmpdir}" prefix="AIAModuleConfigProp_temp_" suffix=".xml" />
		<concat destfile="${moduleconfig.tempfile}">
				<![CDATA[<AIAModuleConfigurations>
					<ModuleConfiguration_tempTask/>
				</AIAModuleConfigurations>]]>
		</concat>
		<replace file="${moduleconfig.tempfile}" value="@{moduleConfiguration}">
				<replacetoken><![CDATA[<ModuleConfiguration_tempTask/>]]></replacetoken>
		</replace>
		<copy file="${env.AIA_HOME}/aia_instances/${aiainstance.name}/AIAMetaData/config/AIAConfigurationProperties.xml" tofile="${env.AIA_HOME}/aia_instances/${aiainstance.name}/AIAMetaData/config/AIAConfigurationProperties.xml.bck" overwrite="true" />

		 <if>
			<equals arg1="@{action}" arg2="merge" />
				<then>
				<if>
					<equals arg1="@{forceMerge}" arg2="true" />
					<then>	
						<xslt style="${env.AIA_HOME}/Infrastructure/Install/AID/lib/xsl/UpgradeMergeModuleLevelAIAConfigurationProperties.xsl" in="${env.AIA_HOME}/aia_instances/${aiainstance.name}/AIAMetaData/config/AIAConfigurationProperties.xml" out="${env.AIA_HOME}/aia_instances/${aiainstance.name}/AIAMetaData/config/temp.xml">
							<param name="file" expression="${moduleconfig.tempfile}" />
						</xslt>	
					</then>
					<else>
						<xslt style="${env.AIA_HOME}/Infrastructure/Install/AID/lib/xsl/MergeModuleLevelAIAConfigurationProperties.xsl" in="${env.AIA_HOME}/aia_instances/${aiainstance.name}/AIAMetaData/config/AIAConfigurationProperties.xml" out="${env.AIA_HOME}/aia_instances/${aiainstance.name}/AIAMetaData/config/temp.xml">
							<param name="file" expression="${moduleconfig.tempfile}" />
						</xslt>
					</else>
				</if>
				</then>
		 <elseif>
			<equals arg1="@{action}" arg2="delete" />
				<then>
					 	<xslt style="${env.AIA_HOME}/Infrastructure/Install/AID/lib/xsl/removeModuleLevelAIAConfigurationProperties.xsl" in="${env.AIA_HOME}/aia_instances/${aiainstance.name}/AIAMetaData/config/AIAConfigurationProperties.xml" out="${env.AIA_HOME}/aia_instances/${aiainstance.name}/AIAMetaData/config/temp.xml">
							<param name="file" expression="${moduleconfig.tempfile}" />
						</xslt>	
				</then>
		 </elseif>
		 <else>
            	<fail message="Please specify a valid value (merge or delete) for action attribute in AIAModuleConfigurations tag"/>
        	 </else>
		 </if>

		 <delete file="${env.AIA_HOME}/aia_instances/${aiainstance.name}/AIAMetaData/config/AIAConfigurationProperties.xml" />
		 <move file="${env.AIA_HOME}/aia_instances/${aiainstance.name}/AIAMetaData/config/temp.xml" tofile="${env.AIA_HOME}/aia_instances/${aiainstance.name}/AIAMetaData/config/AIAConfigurationProperties.xml" />

		 <UpdateMetadata wlserver="fp">
               <fileset dir="${AIA_INSTANCE}/AIAMetaData">
                  <include name="config/AIAConfigurationProperties.xml"/>
               </fileset>
            </UpdateMetadata>
		 <delete file="${env.AIA_HOME}/aia_instances/${aiainstance.name}/AIAMetaData/config/temp.xml" />
		 <delete file="${moduleconfig.tempfile}" />
        </sequential>
    </macrodef>
    <macrodef name="UndeployComposite">
        <Attribute name="wlserver"/>
        <Attribute name="compositeName"/>
        <Attribute name="compositedir"/>
        <Attribute name="revision"/>
        <Attribute name="failonerror" default="true"/>
        <sequential>
            <ant antfile="${SOA_HOME}/bin/ant-sca-deploy.xml" target="undeploy"
                 dir="${SOA_HOME}/bin">
                <property name="compositeName" value="@{compositeName}"/>
                <property name="revision" value="@{revision}"/>
                <property name="serverURL"
                          value="http://${@{wlserver}.server.soaserverhostname}:${@{wlserver}.server.soaserverport}"/>
                <property name="user" value="${@{wlserver}.server.username}"/>
                <property name="password"
                          value="${@{wlserver}.server.password}"/>
                <property name="failOnError" value="@{failonerror}"/>
            </ant>
<!--
#This step is not required when a process is undeployed
            <if>
                <available file="@{compositedir}/AIASecurityConfigurationProperties.xml"/>
                <then>
                    <AIALocalSecurityPolicy wlserver="@{wlserver}" inputPolicyFile="@{compositedir}/AIASecurityConfigurationProperties.xml" compositeVersion="@{revision}" failonerror="@{failonerror}" action="delete"/>
                </then>
                <else>
                    <echo message="AIASecurityConfigurationProperties.xml does not exist in @{compositedir}"></echo>
                </else>
            </if>
-->
	  <if>
             <available file="@{compositedir}/AIAServiceConfigurationProperties.xml"/>
	     <then>
		<copy file="${env.AIA_HOME}/aia_instances/${aiainstance.name}/AIAMetaData/config/AIAConfigurationProperties.xml" tofile="${env.AIA_HOME}/aia_instances/${aiainstance.name}/AIAMetaData/config/AIAConfigurationProperties.xml.bck" overwrite="true" />
		<xslt style="${env.AIA_HOME}/Infrastructure/Install/AID/lib/xsl/removeServiceLevelAIAConfigurationProperties.xsl" in="${env.AIA_HOME}/aia_instances/${aiainstance.name}/AIAMetaData/config/AIAConfigurationProperties.xml" out="${env.AIA_HOME}/aia_instances/${aiainstance.name}/AIAMetaData/config/temp.xml">
				<param name="file" expression="@{compositedir}/AIAServiceConfigurationProperties.xml" />
		</xslt>	
		<delete file="${env.AIA_HOME}/aia_instances/${aiainstance.name}/AIAMetaData/config/AIAConfigurationProperties.xml" />
		<move file="${env.AIA_HOME}/aia_instances/${aiainstance.name}/AIAMetaData/config/temp.xml" tofile="${env.AIA_HOME}/aia_instances/${aiainstance.name}/AIAMetaData/config/AIAConfigurationProperties.xml" />
			<UpdateMetadata wlserver="fp">
       	      	        <fileset dir="${AIA_INSTANCE}/AIAMetaData">
                     	       <include name="config/AIAConfigurationProperties.xml"/>
	                      </fileset>
                    </UpdateMetadata>
		<delete file="${env.AIA_HOME}/aia_instances/${aiainstance.name}/AIAMetaData/config/temp.xml" />	
	     </then>
	  </if>
        </sequential>
    </macrodef>
    <macrodef name="CreateGroup" description="Macro to create User Groups">
        <attribute name="wlserver" default="null"/>
        <attribute name="failonerror" default="true"/>
        <attribute name="filelocation" default="null"/>
        <sequential>
            <ValidateSOAServerDetails wlserver="@{wlserver}"/>
            <if>
                <equals arg1="@{filelocation}" arg2="null"/>
                <then>
                    <fail message="Please specify a valid value for filelocation in the CreateGroup tag"/>
                </then>
            </if>
            <xmlproperty file="@{filelocation}" keeproot="false"/>
            <wlst debug="false" failonerror="@{failonerror}"
                  filename="${AIA_HOME}/Infrastructure/Install/AID/lib/py/createGroup.py"
                  arguments="${@{wlserver}.server.adminhostname} ${@{wlserver}.server.adminport} ${@{wlserver}.server.username} ${@{wlserver}.server.password} ${jazn-realm.realm.roles.role.name} ${jazn-realm.realm.roles.role.display-name} "></wlst>
        </sequential>
    </macrodef>
    <macrodef name="DeleteGroup" description="Macro to delete User Groups">
        <attribute name="wlserver" default="null"/>
        <attribute name="failonerror" default="true"/>
        <attribute name="filelocation" default="null"/>
        <sequential>
            <ValidateSOAServerDetails wlserver="@{wlserver}"/>
            <if>
                <equals arg1="@{filelocation}" arg2="null"/>
                <then>
                    <fail message="Please specify a valid value for filelocation in the DeleteGroup tag"/>
                </then>
            </if>
            <xmlproperty file="@{filelocation}" keeproot="false"/>
            <wlst debug="false" failonerror="@{failonerror}"
                  filename="${AIA_HOME}/Infrastructure/Install/AID/lib/py/deleteGroup.py"
                  arguments="${@{wlserver}.server.adminhostname} ${@{wlserver}.server.adminport} ${@{wlserver}.server.username} ${@{wlserver}.server.password} ${jazn-realm.realm.roles.role.name} ${jazn-realm.realm.roles.role.display-name} "></wlst>
        </sequential>
    </macrodef>
    <macrodef name="CreateUser" description="Macro to create Users in a Group">
        <attribute name="wlserver" default="null"/>
        <attribute name="failonerror" default="true"/>
        <attribute name="username" default="null"/>
        <attribute name="password" default="null"/>
	<attribute name="displayname" default="null"/>
	<attribute name="group" default="null"/>
        <sequential>
            <ValidateSOAServerDetails wlserver="@{wlserver}"/>
            <wlst debug="false" failonerror="@{failonerror}"
                  filename="${AIA_HOME}/Infrastructure/Install/AID/lib/py/createUser.py"
                  arguments="${@{wlserver}.server.adminhostname} ${@{wlserver}.server.adminport} ${@{wlserver}.server.username} ${@{wlserver}.server.password} @{username} @{password} @{displayname} @{group} "></wlst>
        </sequential>
    </macrodef>
    <macrodef name="DeleteUser" description="Macro to delete Users">
        <attribute name="wlserver" default="null"/>
        <attribute name="failonerror" default="true"/>
        <attribute name="username" default="null"/>
        <sequential>
            <ValidateSOAServerDetails wlserver="@{wlserver}"/>
            <wlst debug="false" failonerror="@{failonerror}"
                  filename="${AIA_HOME}/Infrastructure/Install/AID/lib/py/deleteUser.py"
                  arguments="${@{wlserver}.server.adminhostname} ${@{wlserver}.server.adminport} ${@{wlserver}.server.username} ${@{wlserver}.server.password} @{username} "></wlst>
        </sequential>
    </macrodef>

 <macrodef name="AIALocalSecurityPolicy" description="Macro used to configure AIALocalSecurityPolicy">
    <attribute name="wlserver" default="null"/>
    <attribute name="action" default="null"/>
    <attribute name="inputPolicyConfigurationFile" default="null"/>
    <attribute name="applicationName" default="None"/>
    <attribute name="compositeVersion" default="null"/>
    <attribute name="failonerror" default="false"/>
	
  <sequential>
  
  <!-- verify if AIAGlobalSecurityPolicy tag has valid wlserver details -->
	  <if>
	    <equals arg1="@{wlserver}" arg2="null"/>
		 <then>
			<fail message="Invalid connection details provided in @{wlserver} AIALocalSecurityPolicy tag" />
		 </then>	  
	  </if>
 
 	  <if>
	    <equals arg1="@{action}" arg2="null"/>
		 <then>
			<fail message="Please specify a valid value (create or delete) for 'action' attribute in AIALocalSecurityPolicy tag" />
		 </then>	  
	  </if>
 	  <if>
	    <equals arg1="@{inputPolicyConfigurationFile}" arg2="null"/>
		 <then>
			<fail message="Please specify a valid policy rules file for 'inputPolicyConfigurationFile' attribute in AIALocalSecurityPolicy tag" />
		 </then>	  
	  </if>
 

 <fail message="Valid values not provided for wlserver details ">
       <condition>   			
		  <or>
			  <not> 
				  <isset property="@{wlserver}.server.adminhostname" />
			  </not>
			  <not>			 
				   <isset property="@{wlserver}.server.adminport" />
			  </not>
			  <not>			 
				   <isset property="@{wlserver}.server.username" />
			  </not>
			  <not>			 
				   <isset property="@{wlserver}.server.password" />
			  </not>
			 </or> 
		</condition>
    </fail>  
  <condition property="windows.or.unix.os" value="${MW_HOME}/oracle_common/common/bin/wlst.cmd"> 
                <os family="windows"/>
  </condition>
  <condition property="windows.or.unix.os" value="${MW_HOME}/oracle_common/common/bin/wlst.sh">
                <os family="unix"/>
  </condition>

<path id="config.store.path">
                <fileset file="${env.WL_HOME}/server/lib/weblogic.jar" />
                <fileset file="${env.AIA_HOME}/lib/aia-utils.jar" />

</path>

<java classname="oracle.aia.utils.keyStoreUtil.storeUserConfig" classpathref="config.store.path" fork="true" failonerror="true">
                        <arg value="${fp.server.username}"/>
                        <arg value="${fp.server.password}"/>
                        <arg value="${aia.instance}/tmp/keyFile"/>
                        <arg value="${aia.instance}/tmp/propFile"/>
</java>



  
  <if>
      <equals arg1="@{action}" arg2="create" />     

      <then> 
		<exec executable="${windows.or.unix.os}" dir ="${MW_HOME}/oracle_common/common/bin" failonerror="@{failonerror}">
		    <arg value="${AIA_HOME}/Infrastructure/Install/AID/lib/py/localpolicy.py"/>
		    <arg value="${@{wlserver}.server.adminhostname}"/>
		    <arg value="${@{wlserver}.server.adminport}"/>
                        <arg value="${aia.instance}/tmp/propFile"/>
                        <arg value="${aia.instance}/tmp/keyFile"/>
		    <arg value="@{inputPolicyConfigurationFile}"/>
		    <arg value="${@{wlserver}.server.soaserver}"/>
		    <arg value="${@{wlserver}.server.servertype}"/>
		    <arg value="@{compositeVersion}"/>
		</exec>
      </then>
      <elseif> 
          <equals arg1="@{action}" arg2="delete" />
          <then>
		<exec executable="${windows.or.unix.os}" dir ="${MW_HOME}/oracle_common/common/bin" failonerror="@{failonerror}">
		    <arg value="${AIA_HOME}/Infrastructure/Install/AID/lib/py/removelocalpolicy.py"/>
		    <arg value="${@{wlserver}.server.adminhostname}"/>
		    <arg value="${@{wlserver}.server.adminport}"/>
                        <arg value="${aia.instance}/tmp/propFile"/>
                        <arg value="${aia.instance}/tmp/keyFile"/>
		    <arg value="@{inputPolicyConfigurationFile}"/>
		    <arg value="${@{wlserver}.server.soaserver}"/>
		    <arg value="${@{wlserver}.server.servertype}"/>
		    <arg value="@{compositeVersion}"/>
		</exec>
             
        </then>       
    </elseif>

   
  </if> 
<delete file="${aia.instance}/tmp/keyFile"/>
<delete file="${aia.instance}/tmp/propFile"/>
 </sequential>

</macrodef>
    <target name="testApp">
        <Application name="AIAApplication"
                     filelocation="${AIA_HOME}/Infrastructure/Install/applications/AIAApplication.ear"
                     wlserver="fp" failonerror="true" action="deploy"/>
    </target>

</project>
