<?xml version="1.0" encoding="UTF-8"?>
<project name="AIDHarvesterLibraryTasks" basedir="." default="usage">
    <property environment="env"/>
    <property name="AIA_HOME" value="${env.AIA_HOME}"/>
    <property name="AIA_ALT_SERVICES" value="${env.AIA_ALT_SERVICES}"/>
    <property name="HARVESTER_HOME"
              value="${env.AIA_HOME}/Infrastructure/LifeCycle/AIAHarvester"/>
    <property name="HARVESTER_INSTANCE"
              value="${AIA_HOME}/aia_instances/${aiainstance.name}/Infrastructure/LifeCycle/AIAHarvester"/>
    <xmlproperty file="${PropertiesFile}" keeproot="false"/>
    <xmlproperty file="${AIA_HOME}/aia_insatnces/${aiainstance.name}/config/AIAInstallDefaultProperties.xml"
                 keeproot="false"/>
    <taskdef resource="net/sf/antcontrib/antcontrib.properties"/>
    <if>
        <not>
            <isset property="env.JAVA_HOME"/>
        </not>
        <then>
            <fail message="ERROR: The environment variable JAVA_HOME must be set to an installed JRE"/>
        </then>
    </if>
    <macrodef name="AIAHarvest" description="Macro used to run AIA Harvester">
        <attribute name="settingsFile" default="null"/>
        <attribute name="artifactURL" default="null"/>
        <sequential>
            <if>
                <not>
                    <or>
                        <isset property="oer.server.oerurl"/>
                        <isset property="oer.server.username"/>
                        <isset property="oer.server.password"/>
                    </or>
                </not>
                <then>
                    <fail message="ERROR: OER details not given"/>
                </then>
            </if>
            <if>
                <and>
                    <equals arg1="@{artifactURL}" arg2="null"/>
                    <equals arg1="@{settingsFile}" arg2="null"/>
                </and>
                <then>
                    <fail message="ERROR: Atleast one of the 'settingsFile' or 'artifactURL' should be mentioned"/>
                </then>
            </if>
            <if>
                <equals arg1="@{settingsFile}" arg2="null"/>
                <then>
                    <echo> here </echo>
                    <java dir="${HARVESTER_INSTANCE}"
                          classname="com.oracle.oer.sync.framework.Introspector"
                          fork="yes" failonerror="true" maxmemory="1024m">
                        <arg line="-harvester_home ${HARVESTER_INSTANCE} -file @{artifactURL} -url ${oer.server.oerurl} -user ${oer.server.username} -password ${oer.server.password}"/>
                        <classpath>
                            <fileset dir="${HARVESTER_HOME}">
                                <include name="**/*.jar"/>
                                <include name="**/log4fl.properties"/>
                            </fileset>
                            <pathelement location="${HARVESTER_INSTANCE}"/>
                        </classpath>
                    </java>
                </then>
                <elseif>
                    <equals arg1="@{artifactURL}" arg2="null"/>
                    <then>
                        <java dir="${HARVESTER_INSTANCE}"
                              classname="com.oracle.oer.sync.framework.Introspector"
                              fork="yes" failonerror="true" maxmemory="1024m">
                            <arg line="-harvester_home ${HARVESTER_INSTANCE} -settings @{settingsFile} "/>
                            <classpath>
                                <fileset dir="${HARVESTER_HOME}">
                                    <include name="**/*.jar"/>
                                    <include name="**/log4fl.properties"/>
                                </fileset>
                                <pathelement location="${HARVESTER_INSTANCE}"/>
                            </classpath>
                        </java>
                    </then>
                </elseif>
                <else>
                    <fail message="ERROR: Only One of the two attributes 'settingsFile' or 'artifactURL' should be mentioned. Both of them can not co-exist."/>
                </else>
            </if>
        </sequential>
    </macrodef>
    <macrodef name="OEREncrypt"
              description="Macro used to encrypt passwords in HarvesterSettings.xml">
        <attribute name="sourceFile" default="null"/>
        <attribute name="destinationFile" default="null"/>
        <sequential>
            <if>
                <and>
                    <equals arg1="@{sourceFile}" arg2="null"/>
                    <equals arg1="@{destinationFile}" arg2="null"/>
                </and>
                <then>
                    <fail message="ERROR: 'sourceFile' and 'destinationFile' should be mentioned"/>
                </then>
            </if>
            <java outputproperty="encrypt"
                  classname="com.flashline.crypto.EncodeDecode" fork="yes"
                  failonerror="true" maxmemory="512m">
                <arg line="@{sourceFile} @{destinationFile}"/>
                <classpath>
                    <fileset dir="${HARVESTER_HOME}">
                        <include name="**/*.jar"/>
                        <include name="**/log4fl.properties"/>
                    </fileset>
                    <pathelement location="${HARVESTER_INSTANCE}"/>
                </classpath>
            </java>
        </sequential>
    </macrodef>
    <macrodef name="WriteOERCredentialsToDB"
              description="Macro used to store OER login credentials in DataBase">
        <attribute name="oerURL" default="null"/>
        <attribute name="userName" default="null"/>
        <attribute name="password" default="null"/>
        <sequential>
            <if>
                <and>
                    <equals arg1="@{oerURL}" arg2="null"/>
                    <equals arg1="@{userName}" arg2="null"/>
                    <equals arg1="@{password}" arg2="null"/>
                </and>
                <then>
                    <fail message="ERROR: 'oerURL' , 'userName' and 'password' should be mentioned"/>
                </then>
            </if>
            <condition property="windows.or.unix" value="cmd.exe">
                     <os family="windows"/>
              </condition>
              <condition property="windows.or.unix" value="/bin/sh">
                     <os family="unix"/>
              </condition>
              <condition property="writeToOER"
                         value="/c ${AIA_HOME}/Infrastructure/LifeCycle/AIAHarvester/AIAOerEncode.bat">
                     <os family="windows"/>
              </condition>
              <condition property="writeToOER"
                         value="${AIA_HOME}/Infrastructure/LifeCycle/AIAHarvester/AIAOerEncode.sh">
                     <os family="unix"/>
              </condition>
              <exec dir="${AIA_HOME}/Infrastructure/LifeCycle/AIAHarvester"
                    executable="${windows.or.unix}">
                     <env key="AIA_INSTANCE" value="${AIA_HOME}/aia_instances/${aiainstance.name}"/>
                     <arg line="${writeToOER} -user @{userName} -password @{password} -url @{oerURL}"/>
              </exec>

        </sequential>
    </macrodef>
    <target name="usage">
        <echo> Please Import the macros and invoke the required ant task  </echo>
    </target>
    <target name="test">
        <AIAHarvest settingsfile="${HARVESTER_HOME}/Harvester/HarvesterSettings.xml"/>
        <OEREncrypt sourcefile="${HARVESTER_HOME}/Harvester/HarvesterSettings.xml"
                    destinationfile="${HARVESTER_HOME}/Harvester/HarvesterSettings.xml"/>
        <WriteOERCredentialsToDB oerurl="http://aiax-lnx.us.oracle.com:7101/oer"
                                 username="admin" password="admin"
                                 confighome="${HARVESTER_HOME}/config"/>
    </target>
</project>
