<?xml version="1.0" encoding="UTF-8"?>
<project name="AIDJMSResourcesLibraryTasks" basedir="." default="usage">
    <property environment="env"/>
    <property name="AIA_HOME" value="${env.AIA_HOME}"/>
    <property name="SOA_HOME" value="${env.SOA_HOME}"/>
    <property name="MW_HOME" value="${env.MW_HOME}"/>
    <property name="WL_HOME" value="${env.WL_HOME}"/>
    <property name="AIA_ALT_SERVICES" value="${env.AIA_ALT_SERVICES}"/>
    
	<xmlproperty file="${PropertiesFile}" keeproot="false"/>	
	<taskdef resource="net/sf/antcontrib/antcontrib.properties"/>			  
			  
	<xmlproperty file="${AIA_HOME}/aia_instances/${aiainstance.name}/config/AIAInstallDefaultProperties.xml"
              keeproot="false"/>		  

  
    <taskdef name="wlst" classname="weblogic.ant.taskdefs.management.WLSTTask">
        <classpath>
            <pathelement location="${WL_HOME}/server/lib/weblogic.jar/"/>
        </classpath>
    </taskdef>
	
		

 <macrodef name="JMSSingleServer" description="Macro used to Create JMSServer">
   <attribute name="wlserver" default="null"/>
    <attribute name="name"/>
	<attribute name="storeType" default="null" />
    <attribute name="storeName" default="null"/>
    <attribute name="failonerror" default="true"/>
	<attribute name="action" />
	<attribute name="jmsModuleName" />
	<attribute name="jmsDSName"/>
	<attribute name="jmsSubDeploymentName" />
	
	
  <sequential>
   
   <if>
		<not>
	    <or>
     	<equals arg1="@{storeType}" arg2="FileStore" />
         <equals arg1="@{storeType}" arg2="JDBCStore" />
		 </or>
	  </not>	 
	 <then>
		    <fail message="storeType attribute can only take values : 'FileStore' or 'JDBCStore' in JMSServer tag "/>	
	 </then>
	  </if>	 
   
  <if>
      <equals arg1="@{action}" arg2="create" />     
	  
      <then> 
    <wlst debug="false" failonerror="@{failonerror}" filename="${AIA_HOME}/Infrastructure/Install/AID/lib/py/createJMSServer.py" arguments="${@{wlserver}.server.adminhostname} ${@{wlserver}.server.adminport} ${@{wlserver}.server.username} ${@{wlserver}.server.password} ${@{wlserver}.server.soaserver} ${@{wlserver}.server.servertype} @{name} @{storeType} @{storeName} @{jmsModuleName} @{jmsDSName} @{jmsSubDeploymentName}" />
   </then> 
   <elseif> 
       <equals arg1="@{action}" arg2="delete" />
	   <then>
  		<wlst debug="false" failonerror="@{failonerror}" executescriptbeforefile="true"
              		filename="${AIA_HOME}/Infrastructure/Install/AID/lib/py/deleteJMSServer.py"
              		arguments="${@{wlserver}.server.adminhostname} ${@{wlserver}.server.adminport} ${@{wlserver}.server.username} ${@{wlserver}.server.password} ${@{wlserver}.server.soaserver} ${@{wlserver}.server.servertype} @{name} @{storeType} @{storeName} @{jmsModuleName} @{jmsSubDeploymentName}" />
	   </then>
   </elseif>
   <elseif> 
       <equals arg1="@{action}" arg2="no-action" />
	   <then>
        <echo message="No-action has been selected due to the condition specified in the policy file for the JMSSingleServer: @{name}"></echo>
	   </then>
   </elseif>
   
    <else>
	   <fail message=" action attribute can only accept 'create' or 'delete' or 'no-action' as values in JMSServer tag " />
	 </else>
  </if> 
 </sequential>
</macrodef>



 <macrodef name="JMSResource" description="Macro used to Create a JMSResource">
   <attribute name="wlserver" default="null"/>
    <attribute name="jmsResourceType"/>
    <attribute name="jmsResourceName"/>
    <attribute name="jmsResourceJNDI"/>
    <attribute name="failonerror" default="true"/>
    <attribute name="action" />
	<attribute name="jmsModuleName" />
	<attribute name="jmsSubDeploymentName" />
	
	
  <sequential>
   
  <if>
      <equals arg1="@{action}" arg2="create" />     
	  
      <then> 
    <wlst debug="false" failonerror="@{failonerror}" filename="${AIA_HOME}/Infrastructure/Install/AID/lib/py/createJMSResource.py" arguments="${@{wlserver}.server.adminhostname} ${@{wlserver}.server.adminport} ${@{wlserver}.server.username} ${@{wlserver}.server.password} ${@{wlserver}.server.soaserver} ${@{wlserver}.server.servertype} @{jmsResourceType} @{jmsResourceName} @{jmsResourceJNDI} @{jmsModuleName} @{jmsSubDeploymentName}" />
   </then> 
   <elseif> 
       <equals arg1="@{action}" arg2="delete" />
	   <then>
	      <wlst debug="false" failonerror="@{failonerror}" filename="${AIA_HOME}/Infrastructure/Install/AID/lib/py/deleteJMSResource.py" arguments="${@{wlserver}.server.adminhostname} ${@{wlserver}.server.adminport} ${@{wlserver}.server.username} ${@{wlserver}.server.password} ${@{wlserver}.server.soaserver} ${@{wlserver}.server.servertype} @{jmsResourceType} @{jmsResourceName} @{jmsResourceJNDI} @{jmsModuleName} @{jmsSubDeploymentName}" />
  
	   </then>
   </elseif>
   <elseif> 
       <equals arg1="@{action}" arg2="no-action" />
	   <then>
        <echo message="No action has been selected due to the condition specified in the policy file for the JMSResource: @{jmsResourceName}"></echo>
	   </then>
   </elseif>
    <else>
	   <fail message=" action attribute can only accept 'create' or 'delete' or 'no-action' as values in JMSServer tag " />
	 </else>
  </if> 
 </sequential>
</macrodef>

<macrodef name="JMSForeignServerResource" description="Macro used to Create a JMSResource">
   <attribute name="wlserver" default="null"/>
    <attribute name="jmsResourceType"/>
    <attribute name="jmsResourceName"/>
    <attribute name="jmsResourceLocalJNDI" default='null'/>
	<attribute name="jmsResourceRemoteJNDI" default='null'/>
    <attribute name="failonerror" default="true"/>
    <attribute name="action" />
	<attribute name="jmsModuleName" />
	<attribute name="jmsForeignServerName" />
	
	
  <sequential>
   
  <if>
      <equals arg1="@{action}" arg2="create" />     
	  
      <then> 
    <wlst debug="false" failonerror="@{failonerror}" filename="${AIA_HOME}/Infrastructure/Install/AID/lib/py/createForeignServerResource.py" arguments="${@{wlserver}.server.adminhostname} ${@{wlserver}.server.adminport} ${@{wlserver}.server.username} ${@{wlserver}.server.password} ${@{wlserver}.server.soaserver} ${@{wlserver}.server.servertype} @{jmsResourceType} @{jmsResourceName} @{jmsResourceLocalJNDI} @{jmsResourceRemoteJNDI} @{jmsModuleName} @{jmsForeignServerName}" />
   </then> 
   <elseif> 
       <equals arg1="@{action}" arg2="delete" />
	   <then>
	      <wlst debug="false" failonerror="@{failonerror}" filename="${AIA_HOME}/Infrastructure/Install/AID/lib/py/deleteForeignServerResource.py" arguments="${@{wlserver}.server.adminhostname} ${@{wlserver}.server.adminport} ${@{wlserver}.server.username} ${@{wlserver}.server.password} ${@{wlserver}.server.soaserver} ${@{wlserver}.server.servertype} @{jmsResourceType} @{jmsResourceName} @{jmsModuleName} @{jmsForeignServerName}" />
  
	   </then>
   </elseif>
   <elseif> 
       <equals arg1="@{action}" arg2="no-action" />
	   <then>
        <echo message="No action has been selected due to the condition specified in the policy file for the JMSForeignServerResource: @{jmsResourceName}"></echo>
	   </then>
   </elseif>
    <else>
	   <fail message=" action attribute can only accept 'create' or 'delete' or 'no-action' as values in JMSServer tag " />
	 </else>
  </if> 
 </sequential>
</macrodef>

<macrodef name="JMSForeignServer" description="Macro used to Create a JMSForeignServer">
   <attribute name="wlserver" default="null"/>
    <attribute name="name"/>
    <attribute name="dsJNDIProperty" default='null'/>
    <attribute name="failonerror" default="true"/>
    <attribute name="action" />
	<attribute name="jmsModuleName" />
	<attribute name="InitialContextFactory" default='null'/>
	
	
  <sequential>
   
  <if>
      <equals arg1="@{action}" arg2="create" />     
	  
      <then> 
    <wlst debug="false" failonerror="@{failonerror}" filename="${AIA_HOME}/Infrastructure/Install/AID/lib/py/createForeignServer.py" arguments="${@{wlserver}.server.adminhostname} ${@{wlserver}.server.adminport} ${@{wlserver}.server.username} ${@{wlserver}.server.password} ${@{wlserver}.server.soaserver} ${@{wlserver}.server.servertype} @{name} @{dsJNDIProperty} @{jmsModuleName} @{InitialContextFactory}" />
   </then> 
   <elseif> 
       <equals arg1="@{action}" arg2="delete" />
	   <then>
	      <wlst debug="false" failonerror="@{failonerror}" filename="${AIA_HOME}/Infrastructure/Install/AID/lib/py/deleteForeignServer.py" arguments="${@{wlserver}.server.adminhostname} ${@{wlserver}.server.adminport} ${@{wlserver}.server.username} ${@{wlserver}.server.password} ${@{wlserver}.server.soaserver} ${@{wlserver}.server.servertype} @{name} @{jmsModuleName}" />
  
	   </then>
   </elseif>
   <elseif> 
       <equals arg1="@{action}" arg2="no-action" />
	   <then>
        <echo message="No action has been selected due to the condition specified in the policy file for the JMSForeignServer: @{name}"></echo>
	   </then>
   </elseif>
    <else>
	   <fail message=" action attribute can only accept 'create' or 'delete' or 'no-action' as values in JMSServer tag " />
	 </else>
  </if> 
 </sequential>
</macrodef>

 <macrodef name="JMSConnectionFactory" description="Macro used to Create a JMSResource">
   <attribute name="wlserver" default="null"/>
    <attribute name="isXA"  default="false"/>
    <attribute name="connFacName"/>
    <attribute name="connFacJNDI"/>
    <attribute name="failonerror" default="true"/>
    <attribute name="action" />
    <attribute name="jmsModuleName" />
    <attribute name="jmsSubDeploymentName" />
	
	
  <sequential>
   
  <if>
      <equals arg1="@{action}" arg2="create" />     
	  
      <then> 
    <wlst debug="false" failonerror="@{failonerror}" filename="${AIA_HOME}/Infrastructure/Install/AID/lib/py/createJMSConnectionFactory.py" arguments="${@{wlserver}.server.adminhostname} ${@{wlserver}.server.adminport} ${@{wlserver}.server.username} ${@{wlserver}.server.password} ${@{wlserver}.server.soaserver} ${@{wlserver}.server.servertype} @{isXA} @{connFacName} @{connFacJNDI} @{jmsModuleName} @{jmsSubDeploymentName}" />
   </then> 
   <elseif> 
       <equals arg1="@{action}" arg2="delete" />
	   <then>
    <wlst debug="false" failonerror="@{failonerror}" filename="${AIA_HOME}/Infrastructure/Install/AID/lib/py/deleteJMSConnectionFactory.py" arguments="${@{wlserver}.server.adminhostname} ${@{wlserver}.server.adminport} ${@{wlserver}.server.username} ${@{wlserver}.server.password} ${@{wlserver}.server.soaserver} ${@{wlserver}.server.servertype} @{connFacName} @{connFacJNDI} @{jmsModuleName} @{jmsSubDeploymentName}" />
 
	   </then>
   </elseif>
   <elseif> 
       <equals arg1="@{action}" arg2="no-action" />
	   <then>
        <echo message="No action has been selected due to the condition specified in the policy file for the JMSConnectionFactory: @{connFacName}"></echo>
	   </then>
   </elseif>
    <else>
	   <fail message=" action attribute can only accept 'create' or 'delete' or 'no-action' as values in JMSConnectionFactory tag " />
	 </else>
  </if> 
 </sequential>
</macrodef>



    <macrodef name="JMSServer" description="Macro used to Create JMSServer">
        <attribute name="wlserver" default="null"/>
        <attribute name="name"/>
        <attribute name="storeType" default="null"/>
        <attribute name="storeName" default="null"/>
        <attribute name="failonerror"/>
        <attribute name="action"/>
        <attribute name="jmsModuleName"/>
	<attribute name="jmsDSName" default="null" />
        <attribute name="jmsSubDeploymentName"/>
        <sequential>
            <if>
                <equals arg1="${@{wlserver}.server.servertype}" arg2="Server"/>
                <then>
                    <JMSSingleServer wlserver="@{wlserver}" name="@{name}"
                                     storeType="@{storeType}"
                                     storeName="@{storeName}"
                                     failonerror="@{failonerror}"
                                     action="@{action}"
                                     jmsModuleName="@{jmsModuleName}"
				     jmsDSName="@{jmsDSName}"
                                     jmsSubDeploymentName="@{jmsSubDeploymentName}"/>
                </then>
                <elseif>
                    <equals arg1="${@{wlserver}.server.servertype}"
                            arg2="Cluster"/>
                    <then>
                       <JMSCluster wlserver="@{wlserver}" name="@{name}"
                                    jmsModuleName="@{jmsModuleName}"
                                    storeType="@{storeType}"
                                    storeName="@{storeName}"
                                    failonerror="@{failonerror}"
                                    action="@{action}"
				    jmsDSName="@{jmsDSName}"
                                    jmsSubDeploymentName="@{jmsSubDeploymentName}"/>
                    </then>
                </elseif>
            </if>
        </sequential>
    </macrodef>

<macrodef name="JMSModule" description="Macro used to Create JMSModule">
        <attribute name="wlserver" default="null"/>
        <attribute name="name"/>
        <attribute name="failonerror"/>
        <attribute name="action"/>
        <sequential>
            <if>
                <equals arg1="${@{wlserver}.server.servertype}" arg2="Server"/>
                <then>
                    <AQJMSModule wlserver="@{wlserver}" name="@{name}"
                                     failonerror="@{failonerror}"
                                     action="@{action}"/>
                </then>
                <elseif>
                    <equals arg1="${@{wlserver}.server.servertype}"
                            arg2="Cluster"/>
                    <then>
                        <AQJMSModuleCluster wlserver="@{wlserver}"
									name="@{name}"
                                    failonerror="@{failonerror}"
                                    action="@{action}"/>
                    </then>
                </elseif>
            </if>
        </sequential>
    </macrodef>
	
	<macrodef name="AQJMSModule" description="Macro used to Create JMSModule">
    <attribute name="wlserver" default="null"/>
    <attribute name="name"/>
	<attribute name="failonerror" default="true"/>
	<attribute name="action"/>
	
	
  <sequential>
   
  <if>
      <equals arg1="@{action}" arg2="create" />     
	  
      <then> 
	 
    <wlst debug="false" failonerror="@{failonerror}" filename="${AIA_HOME}/Infrastructure/Install/AID/lib/py/createJMSModule.py" arguments="${@{wlserver}.server.adminhostname} ${@{wlserver}.server.adminport} ${@{wlserver}.server.username} ${@{wlserver}.server.password} ${@{wlserver}.server.soaserver} ${@{wlserver}.server.servertype} @{name}" />
   </then> 
   <elseif> 
       <equals arg1="@{action}" arg2="delete" />
	   <then>
  		<wlst debug="false" failonerror="@{failonerror}" executescriptbeforefile="true"
              		filename="${AIA_HOME}/Infrastructure/Install/AID/lib/py/deleteJMSModule.py"
              		arguments="${@{wlserver}.server.adminhostname} ${@{wlserver}.server.adminport} ${@{wlserver}.server.username} ${@{wlserver}.server.password} @{name}" />
	   </then>
   </elseif>
   <elseif> 
       <equals arg1="@{action}" arg2="no-action" />
	   <then>
        <echo message="No action has been selected due to the condition specified in the policy file for the AQJMSModule: @{name}"></echo>
	   </then>
   </elseif>
    <else>
	   <fail message=" action attribute can only accept 'create' or 'delete' or 'no-action' as values in JMSModule tag " />
	 </else>
  </if> 
 </sequential>
</macrodef>


 <macrodef name="JMSCluster"
              description="Macro used to Create a JMS attributes on cluster">
        <attribute name="wlserver" default="null"/>
        <attribute name="failonerror" default="true"/>
        <attribute name="action"/>
        <attribute name="name"/>
        <attribute name="storeName" default="null"/>
        <attribute name="jmsModuleName"/>
        <attribute name="jmsSubDeploymentName"/>
	 <attribute name="jmsDSName" default="null" />
        <attribute name="storeType"/>
        <sequential>
            <if>
                <equals arg1="@{action}" arg2="create"/>
                <then>
                    <wlst debug="false" failonerror="@{failonerror}"
                          filename="${AIA_HOME}/Infrastructure/Install/AID/lib/py/createJMSCluster.py"
                          arguments="${@{wlserver}.server.adminhostname} ${@{wlserver}.server.adminport} ${@{wlserver}.server.username} ${@{wlserver}.server.password} ${@{wlserver}.server.soaserver} @{name} @{storeName} @{storeType} @{jmsModuleName} @{jmsSubDeploymentName} @{jmsDSName}"/>
                </then>
                <elseif>
                    <equals arg1="@{action}" arg2="delete"/>
                    <then>
                        <wlst debug="false" failonerror="@{failonerror}" executescriptbeforefile="true"
              filename="${AIA_HOME}/Infrastructure/Install/AID/lib/py/deleteJMSCluster.py"
arguments="${@{wlserver}.server.adminhostname} ${@{wlserver}.server.adminport} ${@{wlserver}.server.username} ${@{wlserver}.server.password} ${@{wlserver}.server.soaserver} ${@{wlserver}.server.servertype} @{name} @{storeType} @{storeName} @{jmsModuleName} @{jmsSubDeploymentName}" />
                    </then>
                </elseif>
                <elseif> 
                  <equals arg1="@{action}" arg2="no-action" />
                  <then>
                    <echo message="No action has been selected due to the condition specified in the policy file for the JMSCluster: @{name}"></echo>
                  </then>
                </elseif>
                <else>
                    <fail message=" action attribute can only accept 'create' or 'delete' or 'no-action' as values in JMSServer tag "/>
                </else>
            </if>
        </sequential>
    </macrodef>

<macrodef name="AQJMSModuleCluster"
              description="Macro used to Create AQJMS attributes on cluster">
        <attribute name="wlserver" default="null"/>
        <attribute name="failonerror" default="true"/>
        <attribute name="action"/>
        <attribute name="name"/>
        
        <sequential>
            <if>
                <equals arg1="@{action}" arg2="create"/>
                <then>
                    <wlst debug="false" failonerror="@{failonerror}"
                          filename="${AIA_HOME}/Infrastructure/Install/AID/lib/py/createAQJMSModuleCluster.py"
                          arguments="${@{wlserver}.server.adminhostname} ${@{wlserver}.server.adminport} ${@{wlserver}.server.username} ${@{wlserver}.server.password} @{name}"/>
                </then>
                <elseif>
                    <equals arg1="@{action}" arg2="delete"/>
                    <then>
                        <wlst debug="false" failonerror="@{failonerror}" executescriptbeforefile="true"
              filename="${AIA_HOME}/Infrastructure/Install/AID/lib/py/deleteAQJMSModuleCluster.py"
arguments="${@{wlserver}.server.adminhostname} ${@{wlserver}.server.adminport} ${@{wlserver}.server.username} ${@{wlserver}.server.password} ${@{wlserver}.server.soaserver} ${@{wlserver}.server.servertype} @{name}" />
                    </then>
                </elseif>
                <elseif> 
                  <equals arg1="@{action}" arg2="no-action" />
                  <then>
                    <echo message="No action has been selected due to the condition specified in the policy file for the AQJMSModuleCluster: @{name}"></echo>
                  </then>
                </elseif>
                <else>
                    <fail message=" action attribute can only accept 'create' or 'delete' or 'no-action' as values in JMSModule tag "/>
                </else>
            </if>
        </sequential>
    </macrodef>

<!-- SAF Related tasks begins -->
 <macrodef name="JMSSAFErrorHandling" description="Macro used to Create a JMSSAFErrorHandling">
    <attribute name="wlserver" default="null"/>
    <attribute name="jmssafErrorHandlingName"/>
    <attribute name="failonerror" default="true"/>
    <attribute name="action" />
	<attribute name="safErrorDestination" default="None"/>
	<attribute name="messageHandlingpolicy" default="Always-Forward"/>
	<attribute name="logFormat" default="None"/>
	<attribute name="jmsModuleName" />
		
  <sequential>
   
  <if>
      <equals arg1="@{action}" arg2="create" />     
	  
      <then> 
    <wlst debug="false" failonerror="@{failonerror}" filename="${AIA_HOME}/Infrastructure/Install/AID/lib/py/createJMSSAFErrorHandling.py" arguments="${@{wlserver}.server.adminhostname} ${@{wlserver}.server.adminport} ${@{wlserver}.server.username} ${@{wlserver}.server.password} ${@{wlserver}.server.soaserver} ${@{wlserver}.server.servertype} @{jmssafErrorHandlingName} @{safErrorDestination} @{messageHandlingpolicy} @{logFormat} @{jmsModuleName}" />
   </then> 
   <elseif> 
       <equals arg1="@{action}" arg2="delete" />
	   <then>
	      <wlst debug="false" failonerror="@{failonerror}" filename="${AIA_HOME}/Infrastructure/Install/AID/lib/py/deleteJMSSAFErrorHandling.py" arguments="${@{wlserver}.server.adminhostname} ${@{wlserver}.server.adminport} ${@{wlserver}.server.username} ${@{wlserver}.server.password} ${@{wlserver}.server.soaserver} ${@{wlserver}.server.servertype} @{jmssafErrorHandlingName} @{jmsModuleName}" />
  
	   </then>
   </elseif>
   <elseif> 
       <equals arg1="@{action}" arg2="no-action" />
	   <then>
        <echo message="JMSSAFErrorHandling is not created for @{jmssafErrorHandlingName} as the action attribute is set to no-action"></echo>
	   </then>
   </elseif>
    <else>
	   <fail message=" action attribute can only accept 'create' or 'delete' or 'no-action' as values in JMSSAFErrorHandling tag " />
	 </else>
  </if> 
 </sequential>
</macrodef>

 <macrodef name="JMSSAFRemoteContext" description="Macro used to Create a JMSSAFRemoteContext">
    <attribute name="wlserver" default="null"/>
	<attribute name="osminstance"/>
    <attribute name="jmssafRemoteContextName"/>
    <attribute name="failonerror" default="true"/>
    <attribute name="action" />
	<attribute name="jmsModuleName" />
		
  <sequential>
   
  <if>
      <equals arg1="@{action}" arg2="create" />     
	  
      <then> 
    <wlst debug="false" failonerror="@{failonerror}" filename="${AIA_HOME}/Infrastructure/Install/AID/lib/py/createJMSSAFRemoteContext.py" arguments="${@{wlserver}.server.adminhostname} ${@{wlserver}.server.adminport} ${@{wlserver}.server.username} ${@{wlserver}.server.password} ${@{osminstance}.wljms.host} ${@{osminstance}.wljms.port} ${@{osminstance}.server.username} ${@{osminstance}.server.password} ${@{wlserver}.server.soaserver} ${@{wlserver}.server.servertype} @{jmssafRemoteContextName} @{jmsModuleName}" />
   </then> 
   <elseif> 
       <equals arg1="@{action}" arg2="delete" />
	   <then>
	      <wlst debug="false" failonerror="@{failonerror}" filename="${AIA_HOME}/Infrastructure/Install/AID/lib/py/deleteJMSSAFRemoteContext.py" arguments="${@{wlserver}.server.adminhostname} ${@{wlserver}.server.adminport} ${@{wlserver}.server.username} ${@{wlserver}.server.password} ${@{wlserver}.server.soaserver} ${@{wlserver}.server.servertype} @{jmssafRemoteContextName} @{jmsModuleName}" />
  
	   </then>
   </elseif>
   <elseif> 
       <equals arg1="@{action}" arg2="no-action" />
	   <then>
        <echo message="JMSSAFRemoteContext is not created for @{jmssafRemoteContextName} as the action attribute is set to no-action"></echo>
	   </then>
   </elseif>
    <else>
	   <fail message=" action attribute can only accept 'create' or 'delete' or 'no-action' as values in JMSSAFRemoteContext tag " />
	 </else>
  </if> 
 </sequential>
</macrodef>

 <macrodef name="JMSSAFImportedDestinations" description="Macro used to Create a JMSSAFImportedDestinations">
    <attribute name="wlserver" default="null"/>
    <attribute name="jmssafImportedDestinationsName"/>
    <attribute name="failonerror" default="true"/>
    <attribute name="action" />
	<attribute name="jmsSAFRemoteContext" />
	<attribute name="jmsSAFErrorHandling" /> 
	<attribute name="jndiPrefix" default="jms/aia/"/> 
	<attribute name="timeToLiveDefault" default="0"/> 
	<attribute name="useSAFTimeToLiveDefault" default="false"/> 
	<attribute name="defaultTargetingEnabled" default="true"/> 
	<attribute name="jmsModuleName" />
		
  <sequential>
   
  <if>
      <equals arg1="@{action}" arg2="create" />     
	  
      <then> 
    <wlst debug="false" failonerror="@{failonerror}" filename="${AIA_HOME}/Infrastructure/Install/AID/lib/py/createJMSSAFImportedDestinations.py" arguments="${@{wlserver}.server.adminhostname} ${@{wlserver}.server.adminport} ${@{wlserver}.server.username} ${@{wlserver}.server.password} ${@{wlserver}.server.soaserver} ${@{wlserver}.server.servertype} @{jmssafImportedDestinationsName} @{jmsSAFRemoteContext} @{jmsSAFErrorHandling} @{jndiPrefix} @{timeToLiveDefault} @{useSAFTimeToLiveDefault} @{defaultTargetingEnabled} @{jmsModuleName}" />
   </then> 
   <elseif> 
       <equals arg1="@{action}" arg2="delete" />
	   <then>
	      <wlst debug="false" failonerror="@{failonerror}" filename="${AIA_HOME}/Infrastructure/Install/AID/lib/py/deleteJMSSAFImportedDestinations.py" arguments="${@{wlserver}.server.adminhostname} ${@{wlserver}.server.adminport} ${@{wlserver}.server.username} ${@{wlserver}.server.password} ${@{wlserver}.server.soaserver} ${@{wlserver}.server.servertype} @{jmssafImportedDestinationsName} @{jmsModuleName}" />
  
	   </then>
   </elseif>
   <elseif> 
       <equals arg1="@{action}" arg2="no-action" />
	   <then>
        <echo message="JMSSAFImportedDestinations is not created for @{jmssafImportedDestinationsName} as the action attribute is set to no-action"></echo>
	   </then>
   </elseif>
    <else>
	   <fail message=" action attribute can only accept 'create' or 'delete' or 'no-action' as values in JMSSAFImportedDestinations tag " />
	 </else>
  </if> 
 </sequential>
</macrodef>

 <macrodef name="JMSSAFResource" description="Macro used to Create a JMSSAFResource">
    <attribute name="wlserver" default="null"/>
	<attribute name="jmssafResourceType"/>
    <attribute name="jmssafResourceName"/>
	<attribute name="jmssafremotejndiName"/>
	<attribute name="jmssaflocaljndiName"/>
	<attribute name="jmsSAFNonPersistentQos"/>
    <attribute name="failonerror" default="true"/>
    <attribute name="action" />
	<attribute name="jmsSAFImportedDestinations" />
	<attribute name="timeToLiveDefault" default="0"/>
	<attribute name="useSAFTimeToLiveDefault" default="false"/>
	<attribute name="unitOfOrderRouting" default="Hash"/>
	<attribute name="jmsModuleName" />
		
  <sequential>
   
  <if>
      <equals arg1="@{action}" arg2="create" />     
	  
      <then> 
    <wlst debug="false" failonerror="@{failonerror}" filename="${AIA_HOME}/Infrastructure/Install/AID/lib/py/createJMSSAFResource.py" arguments="${@{wlserver}.server.adminhostname} ${@{wlserver}.server.adminport} ${@{wlserver}.server.username} ${@{wlserver}.server.password} ${@{wlserver}.server.soaserver} ${@{wlserver}.server.servertype} @{jmssafResourceType} @{jmssafResourceName} @{jmssafremotejndiName} @{jmssaflocaljndiName} @{jmsSAFNonPersistentQos} @{jmsSAFImportedDestinations} @{timeToLiveDefault} @{useSAFTimeToLiveDefault} @{unitOfOrderRouting} @{jmsModuleName}" />
   </then> 
   <elseif> 
       <equals arg1="@{action}" arg2="delete" />
	   <then>
	      <wlst debug="false" failonerror="@{failonerror}" filename="${AIA_HOME}/Infrastructure/Install/AID/lib/py/deleteJMSSAFResource.py" arguments="${@{wlserver}.server.adminhostname} ${@{wlserver}.server.adminport} ${@{wlserver}.server.username} ${@{wlserver}.server.password} ${@{wlserver}.server.soaserver} ${@{wlserver}.server.servertype} @{jmssafResourceType} @{jmssafResourceName} @{jmsSAFImportedDestinations} @{jmsModuleName}" />
  
	   </then>
   </elseif>
   <elseif> 
       <equals arg1="@{action}" arg2="no-action" />
	   <then>
        <echo message="JMSSAFResource is not created for @{jmssafResourceName} as the action attribute is set to no-action"></echo>
	   </then>
   </elseif>
    <else>
	   <fail message=" action attribute can only accept 'create' or 'delete' or 'no-action' as values in JMSSAFResource tag " />
	 </else>
  </if> 
 </sequential>
</macrodef>

<macrodef name="SAFAgent" description="Macro used to Create a SAFAgent">
    <attribute name="wlserver" default="null"/>
	<attribute name="safAgentName"/>
    <attribute name="failonerror" default="true"/>
    <attribute name="action" />
	<attribute name="persistentStore" />
	<attribute name="serviceType" default="Both"/>
		
  <sequential>
   
  <if>
      <equals arg1="@{action}" arg2="create" />     
	  
      <then> 
    <wlst debug="false" failonerror="@{failonerror}" filename="${AIA_HOME}/Infrastructure/Install/AID/lib/py/createSAFAgent.py" arguments="${@{wlserver}.server.adminhostname} ${@{wlserver}.server.adminport} ${@{wlserver}.server.username} ${@{wlserver}.server.password} ${@{wlserver}.server.soaserver} ${@{wlserver}.server.servertype} @{safAgentName} @{persistentStore} @{serviceType}" />
   </then> 
   <elseif> 
       <equals arg1="@{action}" arg2="delete" />
	   <then>
	      <wlst debug="false" failonerror="@{failonerror}" filename="${AIA_HOME}/Infrastructure/Install/AID/lib/py/deleteSAFAgent.py" arguments="${@{wlserver}.server.adminhostname} ${@{wlserver}.server.adminport} ${@{wlserver}.server.username} ${@{wlserver}.server.password} ${@{wlserver}.server.soaserver} ${@{wlserver}.server.servertype} @{safAgentName}" />
  
	   </then>
   </elseif>
   <elseif> 
       <equals arg1="@{action}" arg2="no-action" />
	   <then>
        <echo message="SAFAgent is not created for @{safAgentName} as the action attribute is set to no-action"></echo>
	   </then>
   </elseif>
    <else>
	   <fail message=" action attribute can only accept 'create' or 'delete' or 'no-action' as values in SAFAgent tag " />
	 </else>
  </if> 
 </sequential>
</macrodef>
<!-- SAF Related tasks ends -->

	
<target name="usage">		
   <echo> Please Import the macros and invoke the required ant task  </echo>
</target>
		
</project>
