<?xml version="1.0" encoding="UTF-8"?>

<!--  $Header: aiafp/apps/fp/components/install/AID/lib/AIDODIInstallTasks.xml /st_aiafp_11.1.1_generic/2 2011/10/12 08:39:04 ansingha Exp $ -->

<!-- 
 Copyright (c) 2010, 2011, Oracle and/or its affiliates. All rights reserved. 

   NAME
     AIDODIInstallTasks.xml - <one-line expansion of the name>

   DESCRIPTION
     <short description of component this file declares/defines>

   NOTES
     <other useful comments, qualifications, etc.>

   MODIFIED   (MM/DD/YY)
   ifan        10/06/11 - Remove AIA Demo from FP Install
   kkoka       07/16/10 - Creation

-->
<project name="AIDODIInstallTasks" basedir="." default="usage">

 <property environment="env"/>
 <property name="AIA_HOME" value="${env.AIA_HOME}"/>
 <property name="SOA_HOME" value="${env.SOA_HOME}"/>
 <property name="MW_HOME" value="${env.MW_HOME}"/>
    <property name="AIA_ALT_SERVICES" value="${env.AIA_ALT_SERVICES}"/>
 <!--<property name="ODI_HOME" value="${env.ODI_HOME}"/>-->

    
  <xmlproperty file="${PropertiesFile}" keeproot="false"/>
  <property name="ODI_HOME" value="${odi.home}"/>	
  <xmlproperty file="${AIA_HOME}/aia_instances/${aiainstance.name}/config/AIAInstallDefaultProperties.xml" keeproot="false"/>		  

   <taskdef resource="net/sf/antcontrib/antlib.xml"/>	
  
  <macrodef name="OdiImportObject" description="Macro to import contents of an export file into an ODI repository">
    <attribute name="workrepname" default="null"/>
    <attribute name="importmode" default="SYNONYM_INSERT_UPDATE"/>
    <attribute name="failonerror" default="false"/>	
    <element name="importfiles" implicit="true" /> 
    <sequential>
	   <condition property="windows.or.unix" value="cmd.exe">
            <os family="windows"/>
        </condition>
        <condition property="windows.or.unix" value="/bin/sh">
            <os family="unix"/>
        </condition>
        <condition property="odiImport"
                   value="/c ${ODI_HOME}\bin\startcmd.bat">
            <os family="windows"/>
        </condition>
        <condition property="odiImport"
                   value="${ODI_HOME}/bin/startcmd.sh">
            <os family="unix"/>
        </condition>
		<if>
		   <equals arg1="@{failonerror}" arg2="true"/>
            <then>
                <var name="keepgoing" value="false"/>
             </then>
            <else>
                <var name="keepgoing" value="true"/>
            </else>			 
		 </if>
       <for param="file" keepgoing="${keepgoing}">
          <importfiles/>
            <sequential>
			  <if>
			    <equals arg1="@{workrepname}" arg2="null"/>
				<then>
					<exec dir="${ODI_HOME}/bin"
						executable="${windows.or.unix}" failonerror="@{failonerror}" resultproperty="output">
						<arg line="${odiImport} OdiImportObject -FILE_NAME=@{file} -IMPORT_MODE=@{importmode}"/>
					</exec>
				</then>
				<else>
					<exec dir="${ODI_HOME}/bin"
						executable="${windows.or.unix}" failonerror="@{failonerror}" resultproperty="output">
						<arg line="${odiImport} OdiImportObject -FILE_NAME=@{file} -WORK_REP_NAME=@{workrepname} -IMPORT_MODE=@{importmode}"/>
					</exec>
				</else>
			  </if>
				<if>
				   <equals arg1="${output}" arg2="1"/>
				  <then>
				     <echo >##### Import of object @{file} failed. Please check above statements in the log for error details. ######</echo>
				    <if>
                    <equals arg1="@{failonerror}" arg2="true"/>
					<then>
					    <fail message="ODI import failed"/>
					</then>
					</if> 
				   </then>
                 </if>   				   
            </sequential>
        </for>
    </sequential>
  </macrodef>


    <macrodef name="OdiEncrypt" description="Macro to encode property values using ODI encryption utility.">
    <attribute name="property" />
    <attribute name="masterRepositoryLoc" />
    <attribute name="workRepositoryLoc" />
    <sequential>
	   <condition property="windows.or.unix" value="cmd.exe">
            <os family="windows"/>
        </condition>
        <condition property="windows.or.unix" value="/bin/sh">
            <os family="unix"/>
        </condition>
        <condition property="odiencrypt"
                   value="/c ${ODI_HOME}\bin\encode.bat">
            <os family="windows"/>
        </condition>
        <condition property="odiencrypt"
                   value="${ODI_HOME}/bin/encode.sh">
            <os family="unix"/>
        </condition>
		
		<exec dir="${ODI_HOME}/bin" executable="${windows.or.unix}" failonerror="true" outputproperty="@{property}.encrypt">
                <arg line="${odiencrypt} ${@{property}}"/>
        </exec>
		
		<replace dir="@{masterRepositoryLoc}" value="${@{property}.encrypt}">
           <include name="**/*.xml"/>
          <replacetoken>@{property}</replacetoken>
       </replace>
       <replace dir="@{workRepositoryLoc}" value="${@{property}.encrypt}">
           <include name="**/*.xml"/>
          <replacetoken>@{property}</replacetoken>
       </replace>
		
      </sequential>
      
   
  </macrodef>

  <macrodef name="UpdateOdiParams" description="Macro to encode property values using ODI encryption utility.">
    <attribute name="projectCode" default="null"/>
    <sequential>
		<if>
	    <equals arg1="@{projectCode}" arg2="null"/>
		 <then>
			<fail message="Invalid projectCode provided in UpdateOdiParams tag" />
		 </then>	  
	  </if>

   <!-- verify if  username and password are valid values -->
	<fail message="Not provided valid values for username, password of ODI Server in AIAInstallProperties.xml ">
       <condition>   			
		    <or> 
				<not>
					<isset property="odi.username" />
			    </not>
				<not>
					<isset property="odi.password" />
				</not>	
			</or>
		</condition>
    </fail>  
	   <!-- verify if   are valid values -->
	<fail message="Not provided valid values for master repository database in AIAInstallProperties.xml ">
       <condition>   			
		    <or> 
				<not>
					<isset property="odi.master.rep.host" />
				</not>	
				<not>
					<isset property="odi.master.rep.port" />
				</not>	
				<not>
					<isset property="odi.master.rep.sid" />
				</not>	
				
				<not>
					<isset property="odi.master.rep.username" />
			    </not>
				<not>
					<isset property="odi.master.rep.password" />
				</not>	
			</or>
		</condition>
    </fail>  
	<fail message="Not provided valid values for work repository name in AIAInstallProperties.xml ">
       <condition>   			
				<not>
					<isset property="pips.@{projectCode}.odi.workrep.name" />
				</not>	
		</condition>
    </fail>  
	<!-- retrieve variables from AIA Install properties.xml -->
	 <var name="username" value="${odi.username}" />
	 <var name="password" value="${odi.password}" />
	 <var name="masterRepUsername" value="${odi.master.rep.username}" />
	 <var name="masterRepPassword" value="${odi.master.rep.password}" />
	 <var name="masterRephost" value="${odi.master.rep.host}" />
	 <var name="masterRepport" value="${odi.master.rep.port}" />
	 <var name="masterRepsid" value="${odi.master.rep.sid}" />
	 <var name="workrepName" value="${pips.@{projectCode}.odi.workrep.name}" />
	 <condition property="odiparams"
                   value="odiparams.bat">
            <os family="windows"/>
        </condition>
        <condition property="odiparams"
                   value="odiparams.sh">
            <os family="unix"/>
        </condition>
	 <replaceregexp match="ODI_MASTER_URL(\s*)=(\s*)[\S&amp;&amp;[^\n]]+(?::\d+)??" replace="ODI_MASTER_URL=jdbc:oracle:thin:@${masterRephost}:${masterRepport}:${masterRepsid}" flags="i">
            <fileset dir="${ODI_HOME}/bin" includes="${odiparams}"/>     
     </replaceregexp>
	 
	 <replaceregexp match="ODI_MASTER_USER(\s*)=(\s*)[\S&amp;&amp;[^\n]]+(?::\d+)??" replace="ODI_MASTER_USER=${masterRepUsername}" flags="i">
            <fileset dir="${ODI_HOME}/bin" includes="${odiparams}"/>     
     </replaceregexp>
	 
	 <replaceregexp match="ODI_SUPERVISOR(\s*)=(\s*)[\S&amp;&amp;[^\n]]+(?::\d+)??" replace="ODI_SUPERVISOR=${username}" flags="i">
            <fileset dir="${ODI_HOME}/bin" includes="${odiparams}"/>     
     </replaceregexp>
	 <replaceregexp match="ODI_SECU_WORK_REP(\s*)=(\s*)[\S&amp;&amp;[^\n]]+(?::\d+)??" replace="ODI_SECU_WORK_REP=${workrepName}" flags="i">
            <fileset dir="${ODI_HOME}/bin" includes="${odiparams}"/>     
     </replaceregexp>
	 	<condition property="windows.or.unix" value="cmd.exe">
            <os family="windows"/>
        </condition>
        <condition property="windows.or.unix" value="/bin/sh">
            <os family="unix"/>
        </condition>
        <condition property="odiencrypt"
                   value="/c ${ODI_HOME}\bin\encode.bat">
            <os family="windows"/>
        </condition>
        <condition property="odiencrypt"
                   value="${ODI_HOME}/bin/encode.sh">
            <os family="unix"/>
        </condition>
		
		<exec dir="${ODI_HOME}/bin" executable="${windows.or.unix}" failonerror="true" outputproperty="supervisorPassword">
                <arg line="${odiencrypt} ${password}"/>
        </exec>
		
	 <replaceregexp match="ODI_SUPERVISOR_ENCODED_PASS(\s*)=(\s*)[\S&amp;&amp;[^\n]]+(?::\d+)??" replace="ODI_SUPERVISOR_ENCODED_PASS=${supervisorPassword}" flags="i">
            <fileset dir="${ODI_HOME}/bin" includes="${odiparams}"/>     
     </replaceregexp>
		
		<exec dir="${ODI_HOME}/bin" executable="${windows.or.unix}" failonerror="true" outputproperty="masterPassword">
                <arg line="${odiencrypt} ${masterRepPassword}"/>
        </exec>
	 <replaceregexp match="ODI_MASTER_ENCODED_PASS(\s*)=(\s*)[\S&amp;&amp;[^\n]]+(?::\d+)??" replace="ODI_MASTER_ENCODED_PASS=${masterPassword}" flags="i">
            <fileset dir="${ODI_HOME}/bin" includes="${odiparams}"/>     
     </replaceregexp>
	 
      </sequential>
         
  </macrodef>
  
  
  
  <target name="testODI">
          <echo>${ODI_HOME}</echo>
		<!-- <OdiImportObject workrepname="teja_testwork" failonerror="false">
		 <importfiles>
		 <fileset  dir="D:\FoundationPack\11g\3.1\31ODIDeploymentPlan\CollectionsExport">
		    <include name="**\CONT_Global.xml"/>
			<include name="*\CONN_AIAConfigPropertiesDS.xml"/>
		 </fileset>
		 
		 </importfiles>
		 </OdiImportObject>-->
      
	 
	 <!--<OdiEncrypt property="test" masterRepositoryLoc="d"  workRepositoryLoc="d" />-->
<!--	 
  <propertyfile file="OdiImportObject.bat">
    <entry key="ODI_HOME" value="testvalue"/>
  </propertyfile>
  
   <replaceregexp match="http://[\S&amp;&amp;[^/]]+(?::\d+)??/((?:soa-infra)|(?:MirrorServlet)|(?:AIAValidationSystemServlet))/"
                     replace="http://${@{target-server}.server.soaserverhostname}:${@{target-server}.server.soaserverport}/\1/"
                       byline="true" flags="gi">
	            <fileset dir="@{dir}"
                     includes="**/*composite.xml **/*.wsdl **/*.xsl **/*.xslt **/*.xsd **/*.componentType **/*.xml "/>
       	 </replaceregexp> -->

		 

	<property name="temp" value="ODI_HOME" />
		 <replaceregexp match="${temp}(\s*)=(\s*)[\S&amp;&amp;[^\n]]+(?::\d+)??" replace="${temp}=/scratch/kkoka/aiahome/tmp" flags="gi">
            <fileset dir="." includes="OdiImportObject.bat"/>              
    </replaceregexp>

  </target>
  
  
</project>


