<?xml version="1.0"?>

<!--  $Header: aiafp/apps/fp/components/install/AID/lib/XSLMerge.xml /st_aiafp_11.1.1_generic/3 2012/06/18 08:11:43 crampav Exp $ -->

<!-- 
 Copyright (c) 2009, 2012, Oracle and/or its affiliates. All rights reserved. 

   NAME
     build.xml - <one-line expansion of the name>

   DESCRIPTION
     <short description of component this file declares/defines>

   NOTES
     <other useful comments, qualifications, etc.>

   MODIFIED   (MM/DD/YY)
   kkoka       06/20/11 - XbranchMerge kkoka_bug-11933103_wlhome_aid_fix from
                          main
   hsingla     12/10/09 - fix xsl env variable
   pkola       11/21/09 - No antExit on windows
   hsingla     11/17/09 - Ant file to merge AIAServiceConfigurationProperties
                          with AIAConfigurationProperties.xml
   hsingla     11/17/09 - Creation

-->
<project name="XSLMerge" default="setup" >
  <property environment="env" />
   <property name="process.dir" value="${basedir}" /> 
  <property name="oracle.home" value="${env.ORACLE_HOME}" />
  <property name="aia.home" value="${env.AIA_HOME}" />	
  <property name="mw.home" value="${env.MW_HOME}" />	
  <property name="wl.home" value="${env.WL_HOME}" />	
  <property name="ant.home" value="${env.ANT_HOME}" />
    <property name="AIA_ALT_SERVICES" value="${env.AIA_ALT_SERVICES}"/>
		
		
	
	<condition property="command" value="/c ant -f ${aia.home}/Infrastructure/Install/AID/lib/XSLMerge.xml -DforceMergeAIAConfigProperties=${forceMergeAIAConfigProperties}  -DcompositeDir=${compositeDir} -DaiainstanceName=${aiainstanceName}  xslMerge">
          <os family="windows" />
       </condition>
       <condition property="command" value="${env.ANT_HOME}/bin/ant -f ${aia.home}/Infrastructure/Install/AID//lib/XSLMerge.xml --noconfig -DforceMergeAIAConfigProperties=${forceMergeAIAConfigProperties} -DaiainstanceName=${aiainstanceName} -DcompositeDir=${compositeDir} xslMerge">
          <os family="unix" /> 
       </condition>
       <condition property="windows.or.unix" value="cmd.exe">
          <os family="windows" />
       </condition>
       <condition property="delimiter" value=";">
           <os family="windows" />
       </condition>

       <condition property="windows.or.unix" value="/bin/sh">
           <os family="unix" />
       </condition>
       <condition property="delimiter" value=":">
           <os family="unix" />
       </condition>
	<target name="setup">
	<copy file="${compositeDir}/AIAServiceConfigurationProperties.xml" tofile="${compositeDir}/AIAServiceConfigurationPropertiestemp.xml" overwrite="true">
		    <filterchain>
            		<expandproperties />
            </filterchain>

        </copy>
		<echo message="${command}" />

       <exec dir="." executable="${windows.or.unix}" failonerror="false">
	<env key="CLASSPATH" value="${wl.home}/server/lib/weblogic.jar${delimiter}${aia.home}/lib/aia.jar${delimiter}${mw.home}/modules/net.sf.antcontrib_1.1.0.0_1-0b2/lib/ant-contrib.jar${delimiter}${mw.home}/modules/org.apache.ant_1.7.1/lib/xercesImpl.jar${delimiter}${mw.home}/modules/com.bea.core.apache.xalan_2.7.0.jar" />
         <arg line="${command}" />
       </exec>
	   </target>
	   <target name="xslMerge">
	     
       <copy file="${env.AIA_HOME}/aia_instances/${aiainstanceName}/AIAMetaData/config/AIAConfigurationProperties.xml" tofile="${env.AIA_HOME}/aia_instances/${aiainstanceName}/AIAMetaData/config/AIAConfigurationProperties.xml.bck" overwrite="true" />
   	    <taskdef resource="net/sf/antcontrib/antcontrib.properties" />
  			<if>
 				<equals arg1="${forceMergeAIAConfigProperties}" arg2="true" />
            <then>
				<xslt style="${aia.home}/Infrastructure/Install/AID/lib/xsl/UpgradeMergeAIAConfigurationProperties.xsl" in="${env.AIA_HOME}/aia_instances/${aiainstanceName}/AIAMetaData/config/AIAConfigurationProperties.xml" out="${env.AIA_HOME}/aia_instances/${aiainstanceName}/AIAMetaData/config/temp.xml">
		 			<param name="file" expression="${compositeDir}/AIAServiceConfigurationPropertiestemp.xml" />
					<param name="forceMergeAIAConfigProperties" expression="true" />
				</xslt>
 			</then>
 			<else>
   				<xslt style="${aia.home}/Infrastructure/Install/AID/lib/xsl/MergeAIAConfigurationProperties.xsl" in="${env.AIA_HOME}/aia_instances/${aiainstanceName}/AIAMetaData/config/AIAConfigurationProperties.xml" out="${env.AIA_HOME}/aia_instances/${aiainstanceName}/AIAMetaData/config/temp.xml">
					<param name="file" expression="${compositeDir}/AIAServiceConfigurationPropertiestemp.xml" />
				</xslt>
            </else>
            </if>
		<delete file="${env.AIA_HOME}/aia_instances/${aiainstanceName}/AIAMetaData/config/AIAConfigurationProperties.xml" />
	    <move file="${env.AIA_HOME}/aia_instances/${aiainstanceName}/AIAMetaData/config/temp.xml" tofile="${env.AIA_HOME}/aia_instances/${aiainstanceName}/AIAMetaData/config/AIAConfigurationProperties.xml" />
		<delete file="${env.AIA_HOME}/aia_instances/${aiainstanceName}/AIAMetaData/config/temp.xml" />
		<delete file="${compositeDir}/AIAServiceConfigurationPropertiestemp.xml" />	
    </target>
</project>



