<?xml version="1.0"?>
<project name="AIACreateInstanceLite" basedir="." default="create">
       <xmlproperty file="${PropertiesFile}" keeproot="false"/>
       <property environment="env"/>
       <taskdef resource="net/sf/antcontrib/antlib.xml"/>
       <property name="AIA_HOME" value="${env.AIA_HOME}"/>
       <import file="${AIA_HOME}/Infrastructure/Install/AID/AIATaskDef.xml"/>
       <AIAXmlProperty aiahome="${AIA_HOME}"/>
       <fail message="Please set the AIA_HOME as environment variable">
              <condition>
                     <not>
                            <isset property="env.AIA_HOME"/>
                     </not>
              </condition>
       </fail>
       <fail message="Please set the SOA_HOME as environment variable">
              <condition>
                     <not>
                            <isset property="env.SOA_HOME"/>
                     </not>
              </condition>
       </fail>
       <fail message="Please set the MW_HOME as environment variable">
              <condition>
                     <not>
                            <isset property="env.MW_HOME"/>
                     </not>
              </condition>
       </fail>
       <fail message="Please set the WL_HOME as environment variable">
              <condition>
                     <not>
                            <isset property="env.WL_HOME"/>
                     </not>
              </condition>
       </fail>
       <property name="aia.home" value="${env.AIA_HOME}"/>
       <property name="soa.home" value="${env.SOA_HOME}"/>
       <property name="mw.home" value="${env.MW_HOME}"/>
       <property name="wl.home" value="${env.WL_HOME}"/>
       <condition property="isWindows">
              <os family="windows"/>
       </condition>
       <condition property="isUnix">
              <os family="unix"/>
       </condition>
       <fail message="ERROR !!! AIA_INSTANCE is undefined">
              <condition>
                     <not>
                            <isset property="aiainstance.name"/>
                     </not>
              </condition>
       </fail>
       <property name="aia.instance"
                 value="${aia.home}/aia_instances/${aiainstance.name}"/>
       <property name="java.home" value="${aiainstance.javahome}"/>
       <target name="create">
              <mkdir dir="${aia.instance}/tmp"/>
              <mkdir dir="${aia.instance}/bin"/>
              <mkdir dir="${aia.instance}/config"/>
              <mkdir dir="${aia.instance}/AIAMetaData/config"/>
              <mkdir dir="${aia.instance}/logs"/>
              <if>
                     <istrue value="${isUnix}"/>
                     <then>
                            <copy file="${aia.home}/Infrastructure/Install/templates/aiaenv.sh.tmpl"
                                  tofile="${aia.instance}/bin/aiaenv.sh"/>
                            <replace file="${aia.instance}/bin/aiaenv.sh"
                                     token="aia.home" value="${aia.home}"/>
                            <replace file="${aia.instance}/bin/aiaenv.sh"
                                     token="soa.home" value="${soa.home}"/>
                            <replace file="${aia.instance}/bin/aiaenv.sh"
                                     token="fmw.home" value="${mw.home}"/>
                            <replace file="${aia.instance}/bin/aiaenv.sh"
                                     token="wl.home" value="${wl.home}"/>
                            <replace file="${aia.instance}/bin/aiaenv.sh"
                                     token="java.home" value="${java.home}"/>
                            <replace file="${aia.instance}/bin/aiaenv.sh"
                                     token="aiainstance.name"
                                     value="${aiainstance.name}"/>
                     </then>
                     <else>
                            <copy file="${aia.home}/Infrastructure/Install/templates/aiaenv.bat.tmpl"
                                  tofile="${aia.instance}/bin/aiaenv.bat"/>
                            <replace file="${aia.instance}/bin/aiaenv.bat"
                                     token="aia.home" value="${aia.home}"/>
                            <replace file="${aia.instance}/bin/aiaenv.bat"
                                     token="soa.home" value="${soa.home}"/>
                            <replace file="${aia.instance}/bin/aiaenv.bat"
                                     token="fmw.home" value="${mw.home}"/>
                            <replace file="${aia.instance}/bin/aiaenv.bat"
                                     token="wl.home" value="${wl.home}"/>
                            <replace file="${aia.instance}/bin/aiaenv.bat"
                                     token="java.home" value="${java.home}"/>
                            <replace file="${aia.instance}/bin/aiaenv.bat"
                                     token="aiainstance.name"
                                     value="${aiainstance.name}"/>
                     </else>
              </if>
              <copy todir="${aia.instance}/config/">
                     <fileset file="${PropertiesFile}"/>
              </copy>
              <copy file="${aia.home}/Infrastructure/Install/config/FPLiteUnInstallDP.xml"
                    tofile="${aia.instance}/config/FPLiteUnInstallDP.xml"/>
              <copy file="${aia.home}/Infrastructure/Install/config/UpdateMetaDataDP.xml"
                    tofile="${aia.instance}/config/UpdateMetaDataDP.xml"/>
              <copy file="${aia.home}/Infrastructure/Install/templates/DeployApplicationTemplate.xml"
                    tofile="${aia.instance}/config/DeployApplicationDP.xml"/>
              <copy file="${aia.home}/Infrastructure/Install/templates/DeployCompositeTemplate.xml"
                    tofile="${aia.instance}/config/DeployCompositeDP.xml"/>
              <copy file="${aia.home}/AIAMetaData/config/AIAConfigurationProperties.xml.tmpl"
                    tofile="${aia.instance}/AIAMetaData/config/AIAConfigurationProperties.xml"/>
              <copy file="${aia.home}/Infrastructure/Install/templates/AIAInstallDefaultProperties.xml.tmpl"
                    tofile="${aia.instance}/config/AIAInstallDefaultProperties.xml"/>
              <replace file="${aia.instance}/config/AIAInstallDefaultProperties.xml"
                       token="$aiainstance.name$" value="${aiainstance.name}"/>
              <replace file="${aia.instance}/config/AIAInstallProperties.xml"
                       token="$aiainstance.name$" value="${aiainstance.name}"/>
              <copy file="${aia.home}/Infrastructure/Install/templates/jps-config.xml.tmpl"
                    tofile="${aia.instance}/config/MDSConfig/src/META-INF/jps-config.xml"
                    overwrite="true">
                     <filterchain>
                            <expandproperties/>
                     </filterchain>
              </copy>
              <copy file="${aia.home}/Infrastructure/Install/templates/adf-config.xml.tmpl"
                    tofile="${aia.instance}/config/MDSConfig/.adf/META-INF/adf-config.xml"
                    overwrite="true">
                     <filterchain>
                            <expandproperties/>
                     </filterchain>
              </copy>
              <replace file="${aia.instance}/AIAMetaData/config/AIAConfigurationProperties.xml"
                       token="$managed.port$"
                       value="${fp.server.soaserverport}"/>
              <replace file="${aia.instance}/AIAMetaData/config/AIAConfigurationProperties.xml"
                       token="$managed.host$"
                       value="${fp.server.soaserverhostname}"/>
              <replace file="${aia.instance}/AIAMetaData/config/AIAConfigurationProperties.xml"
                       token="$jndiurl$"
                       value="${fp.server.jndiurl}"/>
              <replace file="${aia.instance}/AIAMetaData/config/AIAConfigurationProperties.xml"
                       token="$server.username$" value="${fp.server.username}"/>
              <replace file="${aia.instance}/AIAMetaData/config/AIAConfigurationProperties.xml"
                       token="$server.pwd$" value="${fp.server.password}"/>
              <replace file="${aia.instance}/config/AIAInstallDefaultProperties.xml">
                     <replacetoken><![CDATA[${AIA_HOME}]]></replacetoken>
                     <replacevalue>$aia.home$</replacevalue>
              </replace>
              <replace file="${aia.instance}/config/AIAInstallDefaultProperties.xml">
                     <replacetoken><![CDATA[${MW_HOME}]]></replacetoken>
                     <replacevalue>${mw.home}</replacevalue>
              </replace>
              <replace file="${aia.instance}/config/AIAInstallDefaultProperties.xml">
                     <replacetoken><![CDATA[${WL_HOME}]]></replacetoken>
                     <replacevalue>${wl.home}</replacevalue>
              </replace>
              <replace file="${aia.instance}/config/AIAInstallDefaultProperties.xml"
                       token="$aia.home$" value="${aia.home}"/>
              <CreateJPSWallet adfconfigpath="${aia.instance}/config/MDSConfig/.adf/META-INF/adf-config.xml"/>
       </target>
</project>
