<project name="FPInstall" default="ConfigSOA" basedir="." >
<property name="process.dir" value="${basedir}"/>

<property environment="env"/>

<property environment="env"/>
<!--<taskdef resource="net/sf/antcontrib/antcontrib.properties"/>-->
<taskdef resource="net/sf/antcontrib/antlib.xml"/>
<property name="AIA_HOME" value="${env.AIA_HOME}"/>
<fail message="Please set the WL_HOME as environment variable">
        <condition>
                       <not>
                       <isset property="env.WL_HOME" />
                      </not>
        </condition>
</fail>
<property name="WL_HOME" value="${env.WL_HOME}"/>


     <!--xmlproperty file="${PropertiesFile}" keeproot="false"/-->

    <taskdef resource="net/sf/antcontrib/antcontrib.properties">
        <classpath>
                <pathelement location="${AIA_HOME}/lib/AIALibraryTasks.jar" />
                <pathelement location="${WL_HOME}/server/lib/weblogic.jar" />
       </classpath>
    </taskdef>


    <import file="${AIA_HOME}/Infrastructure/Install/AID/AIATaskDef.xml" />
<import file="${AIA_HOME}/Infrastructure/Install/AID/lib/AIDDeploymentLibraryTasks.xml" />
   <!-- <AIAXmlProperty aiahome="${AIA_HOME}"/>-->

<fail message="Please set the AIA_HOME as environment variable">
        <condition>
                       <not>
                       <isset property="env.AIA_HOME" />
                      </not>
        </condition>
</fail>

<fail message="Please set the SOA_HOME as environment variable">
        <condition>
                       <not>
                       <isset property="env.SOA_HOME" />
                      </not>
        </condition>
</fail>

<fail message="Please set the MW_HOME as environment variable">
        <condition>
                       <not>
                       <isset property="env.MW_HOME" />
                      </not>
        </condition>
</fail>

<fail message="Please provide the AIA Install Properties File">
        <condition>
                       <not>
                       <isset property="PropertiesFile" />
                      </not>
        </condition>
</fail>


<xmlproperty file="${PropertiesFile}" keeproot="false"/>

<fail message="Please set the aiainstance.name property">
        <condition>
                       <not>
                       <isset property="aiainstance.name" />
                      </not>
        </condition>
</fail>


<property name="aia.home" value="${env.AIA_HOME}"/>
<property name="soa.home" value="${env.SOA_HOME}"/>
<property name="mw.home" value="${env.MW_HOME}"/>

<condition property="windows.or.unix" value="${mw.home}/oracle_common/common/bin/wlst.cmd"> 
                <os family="windows"/>
</condition>
<condition property="windows.or.unix" value="${mw.home}/oracle_common/common/bin/wlst.sh">
                <os family="unix"/>
</condition>


  <path id="oracle.jdbc.path">
    <fileset dir="${WL_HOME}/server/lib">
      <include name="ojdbc6.jar"/>
    </fileset>
  </path>
<path id="config.store.path">
                <fileset file="${env.WL_HOME}/server/lib/weblogic.jar" />
                <fileset file="${env.AIA_HOME}/lib/aia-utils.jar" />

  </path>

  <taskdef name="wlserver"
               classname="weblogic.ant.taskdefs.management.WLServer">
        <classpath>
            <pathelement location="${env.WL_HOME}/server/lib/weblogic.jar"/>
        </classpath>
    </taskdef>
    <taskdef name="wlconfig"
             classname="weblogic.ant.taskdefs.management.WLConfig">
        <classpath>
            <pathelement location="${env.WL_HOME}/server/lib/weblogic.jar/"/>
        </classpath>
    </taskdef>
    <taskdef name="wldeploy"
             classname="weblogic.ant.taskdefs.management.WLDeploy">
        <classpath>
            <pathelement location="${env.WL_HOME}/server/lib/weblogic.jar/"/>
        </classpath>
    </taskdef>
    <taskdef name="wlst" classname="weblogic.ant.taskdefs.management.WLSTTask">
        <classpath>
            <pathelement location="${env.WL_HOME}/server/lib/weblogic.jar/"/>
        </classpath>
    </taskdef>

<property name="aia.instance" value="${aia.home}/aia_instances/${aiainstance.name}"/>
<!--
<property name="loglevel" value="info"/>
-->

<target name="ConfigSOA">

<!--<if>
    <equals arg1="${aiainstance.isencrypted}" arg2="true"/>
<then>
 <mkdir dir="${aiainstance.domain_root}/security/.configuration"/>
<copy todir="${aiainstance.domain_root}/security/.configuration">
    <fileset dir="${aia.instance}/.configuration"/>
  </copy>
</then>
</if>-->

<delete file="${aia.instance}/.configuration/Key"/>
<delete file="${aia.instance}/.configuration/Properties"/>
<java classname="oracle.aia.utils.keyStoreUtil.storeUserConfig" classpathref="config.store.path" fork="true" failonerror="true">
			<arg value="${fp.server.username}"/>
			<arg value="${fp.server.password}"/>
    			<arg value="${aia.instance}/.configuration/Key"/>
     			<arg value="${aia.instance}/.configuration/Properties"/>
                </java>
<replace file="${aia.instance}/.configuration/Properties" token="weblogic.management" value="fp.server.password"/>
<java classname="oracle.aia.utils.keyStoreUtil.storeUserConfig" classpathref="config.store.path" fork="true" failonerror="true">
			<arg value="${fp.db.aialifecycle.username}"/>
			<arg value="${fp.db.aialifecycle.password}"/>
    			<arg value="${aia.instance}/.configuration/Key"/>
     			<arg value="${aia.instance}/.configuration/Properties"/>
                </java>
<replace file="${aia.instance}/.configuration/Properties" token="weblogic.management" value="fp.db.aialifecycle.password"/>
<if>
   <equals arg1="${oer.server.publishtooer}" arg2="true"/>
   <then>
	<java classname="oracle.aia.utils.keyStoreUtil.storeUserConfig" classpathref="config.store.path" fork="true" failonerror="true">
			<arg value="${oer.server.username}"/>
			<arg value="${oer.server.password}"/>
    			<arg value="${aia.instance}/.configuration/Key"/>
     			<arg value="${aia.instance}/.configuration/Properties"/>
                </java>
<replace file="${aia.instance}/.configuration/Properties" token="weblogic.management" value="oer.server.password"/>

</then>
</if>

<if>
    <equals arg1="${aiainstance.isencrypted}" arg2="true" />
<then>
<jar destfile="${aia.instance}/config.jar"
       basedir="${aia.instance}"
       includes=".configuration/**"
       />
<UploadAndUnzip server="fp.server" UploadFileLocation="${aia.instance}/config.jar" UploadTo="ADMIN_HOME" UploadPath="/security"/>
<delete file="${aia.instance}/config.jar"/>
</then>
</if>
<available  property = "is_oui"  file = "${aia.home}/inventory/Scripts/ext/jlib/soawl.jar"/>
<if>
 <equals arg1="${is_oui}" arg2="true" />
<then>
<copy file="${aia.home}/lib/soawl.jar" tofile="${aia.home}/inventory/Scripts/ext/jlib/soawl.jar" overwrite="true"/>
<copy file="${aia.home}/lib/soainstallhelp.jar" tofile="${aia.home}/inventory/Scripts/ext/jlib/soainstallhelp.jar" overwrite="true"/>
</then>
</if>
<java classname="oracle.aia.utils.keyStoreUtil.storeUserConfig" classpathref="config.store.path" fork="true" failonerror="true">
			<arg value="${fp.server.username}"/>
			<arg value="${fp.server.password}"/>
    			<arg value="${aia.instance}/tmp/keyFile"/>
     			<arg value="${aia.instance}/tmp/propFile"/>
                </java>
<path id="library.Servlet.Runtime">
    			<pathelement location="${aiainstance.soaHome}/soa/modules/commons-fileupload-1.1.jar"/>
    			<pathelement location="${aia.home}/Infrastructure/Install/applications/FPInfraServiceClient.jar"/>
			<pathelement location="${env.WL_HOME}/server/lib/weblogic.jar"/>
  </path>
		<var name="adminhostname" value="${fp.server.adminhostname}" />
	 	<var name="username" value="${fp.server.username}" />
	 	<var name="password" value="${fp.server.password}" />
	 	<var name="adminport" value="${fp.server.adminport}" />
		<java classname="oracle.apps.aia.core.client.PrintServerMode" fork="true" failonerror="true" classpathref="library.Servlet.Runtime">
                	<arg value="${adminhostname}"/>
                	<arg value="${adminport}"/>
               		<arg value="${username}"/>
			<arg value="${password}"/>
			<arg value="${aia.instance}"/>		
		</java>
		<loadproperties srcFile="${aia.instance}/tmp/production.properties"/>

		<if>
	                <equals arg1="${is_Production}" arg2="true"/>
	                <then>
					<!--<mkdir dir="${aia.home}/AIADataStore/AIADataStore"/>-->
					<wlst debug="false" failonerror="true" filename="${AIA_HOME}/Infrastructure/Install/AID/lib/py/createFolder.py" arguments="${fp.server.adminhostname} ${fp.server.adminport} ${fp.server.username} ${fp.server.password} ${fp.server.servertype} ${fp.server.soaserver} ${aia.home}/AIADataStore" />
					<zip destfile="${aia.home}/AIADataStore.zip" basedir="${aia.home}/AIADataStore"/>
					<UploadAndUnzip server="fp.server" UploadFileLocation="${aia.home}/AIADataStore.zip" 
					 target="${fp.server.soaserver}" UploadTo="ADMIN_HOME" UploadPath=""/>
					<delete includeEmptyDirs="true">
					    <fileset dir="${aia.home}/AIADataStore"/>
					  </delete>
					<delete file="${aia.home}/AIADataStore.zip"/>
			</then>
		</if>


<if>
    <equals arg1="${fp.server.servertype}" arg2="Server" />
<then>

<exec executable="${windows.or.unix}" dir ="${mw.home}/oracle_common/common/bin" failonerror="false">
    <arg value="${aia.home}/Infrastructure/Install/AID/lib/py/addLogHandlers.py"/>
    <arg value="${fp.server.adminhostname}"/>
    <arg value="${fp.server.adminport}"/>
     <arg value="${aia.instance}/tmp/propFile"/>
    <arg value="${aia.instance}/tmp/keyFile"/>
    <arg value="${fp.server.soaserver}"/>
    <arg value="${fp.server.soaserverhostname}"/>
    <arg value="${fp.server.soaserverport}"/>
</exec>
<exec executable="${windows.or.unix}" dir ="${mw.home}/oracle_common/common/bin" failonerror="false">
    <arg value="${aia.home}/Infrastructure/Install/AID/lib/py/addMapperLogHandlers.py"/>
    <arg value="${fp.server.adminhostname}"/>
    <arg value="${fp.server.adminport}"/>
     <arg value="${aia.instance}/tmp/propFile"/>
    <arg value="${aia.instance}/tmp/keyFile"/>
    <arg value="${fp.server.soaserver}"/>
    <arg value="${fp.server.soaserverhostname}"/>
    <arg value="${fp.server.soaserverport}"/>
</exec>
</then>
</if>
<if>
    <equals arg1="${fp.server.servertype}" arg2="Cluster" />
<then>
<exec executable="${windows.or.unix}" dir ="${mw.home}/oracle_common/common/bin" failonerror="false">
    <arg value="${aia.home}/Infrastructure/Install/AID/lib/py/addLogHandlersCluster.py"/>
    <arg value="${fp.server.adminhostname}"/>
    <arg value="${fp.server.adminport}"/>
    <arg value="${aia.instance}/tmp/propFile"/>
    <arg value="${aia.instance}/tmp/keyFile"/>
    <arg value="${fp.server.soaserver}"/>
    <arg value="${fp.server.soaserverhostname}"/>
    <arg value="${fp.server.soaserverport}"/>
</exec>
<exec executable="${windows.or.unix}" dir ="${mw.home}/oracle_common/common/bin" failonerror="false">
    <arg value="${aia.home}/Infrastructure/Install/AID/lib/py/addMapperLogHandlersCluster.py"/>
    <arg value="${fp.server.adminhostname}"/>
    <arg value="${fp.server.adminport}"/>
    <arg value="${aia.instance}/tmp/propFile"/>
    <arg value="${aia.instance}/tmp/keyFile"/>
    <arg value="${fp.server.soaserver}"/>
    <arg value="${fp.server.soaserverhostname}"/>
    <arg value="${fp.server.soaserverport}"/>
</exec>
</then>
</if>

 <Application name="AIALogMetadata"
                 filelocation="${AIA_HOME}/Infrastructure/Install/applications/AIALogApp.ear"
                 wlserver="fp" failonerror="false" action="deploy"/>

<UploadAndUnzip server="fp.server" UploadFileLocation="${aia.home}/lib/aia.jar" 
 target="${fp.server.soaserver}" UploadTo="SOA_ORACLE_HOME" UploadPath="/soa/modules/oracle.soa.ext_11.1.1/classes"/>

</target> 

</project>
