<?xml version="1.0"?>




<!--  $Header: aiafp/apps/fp/components/install/AID/AIACreateInstance.xml /st_aiafp_11.1.1_generic/3 2012/12/11 08:59:57 crampav Exp $ -->





<!-- 
 Copyright (c) 2009, 2012, Oracle and/or its affiliates. All rights reserved. 

   NAME
     AIACreateInsatnce.xml - <one-line expansion of the name>

   DESCRIPTION
     <short description of component this file declares/defines>

   NOTES
     <other useful comments, qualifications, etc.>

   MODIFIED   (MM/DD/YY)
   kkoka       06/20/11 - XbranchMerge kkoka_bug-11933103_wlhome_aid_fix from
                          main
   xiaohuan    10/21/10 - combine this one with AIAStoreOERInfo.xml
   xiaohuan    10/20/10 - add store oer info
   jgau        09/01/10 - remove jndi.properties
   jgau        08/18/10 - remove encode aia call
   pkola       08/12/10 - createSchema.sql is no longer in use...hence removed
                          the copy & expansion of properties in the file...
   kkoka       12/29/09 - Fix for Bug # 9245625
   hsingla     11/11/09 - fixing expandproperties issue
   hsingla     11/11/09 - adding AIAXml property
   nipkumar    11/10/09 - making sh to bat
   hsingla     11/10/09 - replacing AIA_HOME token in
                          AIADefaultInstallProperties.xml
   pkola       11/08/09 - Include ant-contirb taskdef
   pkola       11/08/09 - A script for creating an AIA_INSTANCE
   pkola       11/08/09 - Creation

-->
<project name="AIACreateInstance" basedir="." default="create">
       <xmlproperty file="${PropertiesFile}" keeproot="false"/>
       <property environment="env"/>
       <!--<taskdef resource="net/sf/antcontrib/antcontrib.properties"/>-->
       <taskdef resource="net/sf/antcontrib/antlib.xml"/>
       <property name="AIA_HOME" value="${env.AIA_HOME}"/>
       <import file="${AIA_HOME}/Infrastructure/Install/AID/AIATaskDef.xml"/>
       <AIAXmlProperty aiahome="${AIA_HOME}"/>
       <fail message="Please set the AIA_HOME as environment variable">
              <condition>
                     <not>
                            <isset property="env.AIA_HOME"/>
                     </not>
              </condition>
       </fail>
       <fail message="Please set the SOA_HOME as environment variable">
              <condition>
                     <not>
                            <isset property="env.SOA_HOME"/>
                     </not>
              </condition>
       </fail>
       <fail message="Please set the MW_HOME as environment variable">
              <condition>
                     <not>
                            <isset property="env.MW_HOME"/>
                     </not>
              </condition>
       </fail>
       <fail message="Please set the WL_HOME as environment variable">
              <condition>
                     <not>
                            <isset property="env.WL_HOME"/>
                     </not>
              </condition>
       </fail>
       <property name="aia.home" value="${env.AIA_HOME}"/>
       <property name="soa.home" value="${env.SOA_HOME}"/>
       <property name="mw.home" value="${env.MW_HOME}"/>
       <property name="wl.home" value="${env.WL_HOME}"/>
       <condition property="isWindows">
              <os family="windows"/>
       </condition>
       <condition property="isUnix">
              <os family="unix"/>
       </condition>
       <fail message="ERROR !!! AIA_INSTANCE is undefined">
              <condition>
                     <not>
                            <isset property="aiainstance.name"/>
                     </not>
              </condition>
       </fail>
       <property name="aia.instance"
                 value="${aia.home}/aia_instances/${aiainstance.name}"/>
       <property name="java.home" value="${aiainstance.javahome}"/>
       <target name="create">
	      <ant antfile="${AIA_HOME}/Infrastructure/Install/config/FilePerms.xml" target="modifyFilePermissions"/>
              <mkdir dir="${aia.instance}/tmp"/>
              <mkdir dir="${aia.instance}/bin"/>
              <mkdir dir="${aia.instance}/config"/>
              <mkdir dir="${aia.instance}/AIAMetaData/config"/>
              <mkdir dir="${aia.instance}/logs"/>

              <chmod file="${aia.instance}/tmp" perm="754" type="dir"/>
              <chmod file="${aia.instance}/bin" perm="754" type="dir"/>
              <chmod file="${aia.instance}/config" perm="754" type="dir"/>
              <chmod file="${aia.instance}/AIAMetaData" perm="754" type="dir"/>
              <chmod file="${aia.instance}/AIAMetaData/config" perm="754" type="dir"/>
              <chmod file="${aia.instance}/logs" perm="754" type="dir"/>
              <chmod file="${aia.instance}" perm="754" type="dir"/>

              <if>
                     <istrue value="${isUnix}"/>
                     <then>
                            <copy file="${aia.home}/Infrastructure/Install/templates/aiaenv.sh.tmpl"
                                  tofile="${aia.instance}/bin/aiaenv.sh"/>
                            <replace file="${aia.instance}/bin/aiaenv.sh"
                                     token="aia.home" value="${aia.home}"/>
                            <replace file="${aia.instance}/bin/aiaenv.sh"
                                     token="soa.home" value="${soa.home}"/>
                            <replace file="${aia.instance}/bin/aiaenv.sh"
                                     token="fmw.home" value="${mw.home}"/>
                            <replace file="${aia.instance}/bin/aiaenv.sh"
                                     token="wl.home" value="${wl.home}"/>
                            <replace file="${aia.instance}/bin/aiaenv.sh"
                                     token="java.home" value="${java.home}"/>
                            <replace file="${aia.instance}/bin/aiaenv.sh"
                                     token="aiainstance.name"
                                     value="${aiainstance.name}"/>
                     </then>
                     <else>
                            <copy file="${aia.home}/Infrastructure/Install/templates/aiaenv.bat.tmpl"
                                  tofile="${aia.instance}/bin/aiaenv.bat"/>
                            <replace file="${aia.instance}/bin/aiaenv.bat"
                                     token="aia.home" value="${aia.home}"/>
                            <replace file="${aia.instance}/bin/aiaenv.bat"
                                     token="soa.home" value="${soa.home}"/>
                            <replace file="${aia.instance}/bin/aiaenv.bat"
                                     token="fmw.home" value="${mw.home}"/>
                            <replace file="${aia.instance}/bin/aiaenv.bat"
                                     token="wl.home" value="${wl.home}"/>
                            <replace file="${aia.instance}/bin/aiaenv.bat"
                                     token="java.home" value="${java.home}"/>
                            <replace file="${aia.instance}/bin/aiaenv.bat"
                                     token="aiainstance.name"
                                     value="${aiainstance.name}"/>
                     </else>
              </if>
              <if>
              <equals arg1="${oer.server.publishtooer}" arg2="true"/>
              <then>
                 <replace file="${AIA_HOME}/Infrastructure/LifeCycle/sql/InsertOERData.sql" token="$oer.server.url$" value="${oer.server.oerurl}"/>
              </then>
              </if>

              <copy todir="${aia.instance}/config/">
                     <fileset file="${PropertiesFile}"/>
              </copy>
<!--
	      <copy todir="${aia.instance}/AIAMetaData/config/">
                     <fileset file="${PropertiesFile}"/>
              </copy>
-->

              <copy file="${aia.home}/Infrastructure/Install/config/FPInstallDP.xml"
                    tofile="${aia.instance}/config/FPInstallDP.xml"/>
              <copy file="${aia.home}/Infrastructure/Install/config/FPUnInstallDP.xml"
                    tofile="${aia.instance}/config/FPUnInstallDP.xml"/>
              <copy file="${aia.home}/Infrastructure/Install/config/UpdateMetaDataDP.xml"
                    tofile="${aia.instance}/config/UpdateMetaDataDP.xml"/>
              <copy file="${aia.home}/Infrastructure/Install/templates/DeployApplicationTemplate.xml"
                    tofile="${aia.instance}/config/DeployApplicationDP.xml"/>
              <copy file="${aia.home}/Infrastructure/Install/templates/DeployCompositeTemplate.xml"
                    tofile="${aia.instance}/config/DeployCompositeDP.xml"/>
              <copy file="${aia.home}/AIAMetaData/config/AIAEHNotification.xml.tmpl"
                    tofile="${aia.instance}/AIAMetaData/config/AIAEHNotification.xml"/>
              <copy file="${aia.home}/AIAMetaData/config/AIAConfigurationProperties.xml.tmpl"
                    tofile="${aia.instance}/AIAMetaData/config/AIAConfigurationProperties.xml"/>
              <copy file="${aia.home}/Infrastructure/Install/templates/AIAInstallDefaultProperties.xml.tmpl"
                    tofile="${aia.instance}/config/AIAInstallDefaultProperties.xml"/>
              <copy file="${aia.home}/Infrastructure/Install/templates/AIAInstallProperties.xml.tmpl"
                    tofile="${aia.instance}/config/AIAInstallProperties.xml.tmpl"/>
              <replace file="${aia.instance}/AIAMetaData/config/AIAEHNotification.xml"
                       token="$adminHost" value="${fp.server.adminhostname}"/>
              <replace file="${aia.instance}/AIAMetaData/config/AIAEHNotification.xml"
                       token="$adminPort" value="${fp.server.adminport}"/>
              <replace file="${aia.instance}/AIAMetaData/config/AIAEHNotification.xml"
                       token="$domainName" value="${fp.server.domainname}"/>
              <replace file="${aia.instance}/AIAMetaData/config/AIAEHNotification.xml"
                       token="$managedHost"
                       value="${fp.server.soaserverhostname}"/>
              <replace file="${aia.instance}/AIAMetaData/config/AIAEHNotification.xml"
                       token="$managedPort" value="${fp.server.soaserverport}"/>
              <replace file="${aia.instance}/AIAMetaData/config/AIAConfigurationProperties.xml"
                       token="$managed.port$"
                       value="${fp.server.soaserverport}"/>
              <replace file="${aia.instance}/AIAMetaData/config/AIAConfigurationProperties.xml"
                       token="$managed.host$"
                       value="${fp.server.soaserverhostname}"/>
              <replace file="${aia.instance}/AIAMetaData/config/AIAConfigurationProperties.xml"
                       token="$jndiurl$"
                       value="${fp.server.jndiurl}"/>
              <replace file="${aia.instance}/AIAMetaData/config/AIAConfigurationProperties.xml"
                       token="$server.username$" value="${fp.server.username}"/>
              <replace file="${aia.instance}/AIAMetaData/config/AIAConfigurationProperties.xml"
                       token="$server.pwd$" value="${fp.server.password}"/>
              <replace file="${aia.instance}/config/AIAInstallDefaultProperties.xml"
                       token="$aiainstance.name$" value="${aiainstance.name}"/>
              <replace file="${aia.instance}/config/AIAInstallProperties.xml"
                       token="$aiainstance.name$" value="${aiainstance.name}"/>
              <!--mkdir dir="${aia.instance}/config/.adf/META-INF"/-->
              <copy file="${aia.home}/Infrastructure/Install/templates/jps-config.xml.tmpl"
                    tofile="${aia.instance}/config/MDSConfig/src/META-INF/jps-config.xml"
                    overwrite="true">
                     <filterchain>
                            <expandproperties/>
                     </filterchain>
              </copy>
              <copy file="${aia.home}/Infrastructure/Install/templates/adf-config.xml.tmpl"
                    tofile="${aia.instance}/config/MDSConfig/.adf/META-INF/adf-config.xml"
                    overwrite="true">
                     <filterchain>
                            <expandproperties/>
                     </filterchain>
              </copy>
              <replace file="${aia.instance}/config/AIAInstallDefaultProperties.xml">
                     <replacetoken><![CDATA[${AIA_HOME}]]></replacetoken>
                     <replacevalue>$aia.home$</replacevalue>
              </replace>
              <replace file="${aia.instance}/config/AIAInstallDefaultProperties.xml">
                     <replacetoken><![CDATA[${MW_HOME}]]></replacetoken>
                     <replacevalue>${mw.home}</replacevalue>
              </replace>
              <replace file="${aia.instance}/config/AIAInstallDefaultProperties.xml">
                     <replacetoken><![CDATA[${WL_HOME}]]></replacetoken>
                     <replacevalue>${wl.home}</replacevalue>
              </replace>
              <replace file="${aia.instance}/config/AIAInstallDefaultProperties.xml"
                       token="$aia.home$" value="${aia.home}"/>
              <CreateJPSWallet adfConfigPath="${aia.instance}/config/MDSConfig/.adf/META-INF/adf-config.xml" />              
              <mkdir dir="${aia.instance}/Infrastructure/LifeCycle/AIAHarvester"/>
		<chmod file="${aia.instance}/Infrastructure" perm="754" type="dir"/>
		<chmod file="${aia.instance}/Infrastructure/LifeCycle" perm="754" type="dir"/>
		<chmod file="${aia.instance}/Infrastructure/LifeCycle/AIAHarvester" perm="754" type="dir"/>
              <copy file="${aia.home}/Infrastructure/LifeCycle/AIAHarvester/templates/HarvesterSettings.xml"
                    tofile="${aia.instance}/Infrastructure/LifeCycle/AIAHarvester/Harvester/HarvesterSettings.xml"
                    overwrite="true">
                     <filterchain>
                            <expandproperties/>
                     </filterchain>
              </copy>
              <mkdir dir="${aia.instance}/Infrastructure/LifeCycle/AIAHarvester/config"/>
		<chmod file="${aia.instance}/Infrastructure/LifeCycle/AIAHarvester/config" perm="754" type="dir"/>
              <copy todir="${aia.instance}/Infrastructure/LifeCycle/AIAHarvester/config">
                     <fileset dir="${aia.home}/Infrastructure/LifeCycle/AIAHarvester/templates">
                            <include name="jps-config.xml"/>
                            <include name="weblogic-application.xml"/>
                            <include name="Key"/>
                            <include name="Properties"/>
                     </fileset>
              </copy>
              <copy todir="${aia.instance}/Infrastructure/LifeCycle/Install/FPHarvest">
                     <fileset dir="${aia.home}/Infrastructure/LifeCycle/Install/templates">
			<include name="*.xml"/>
                     </fileset>
                     <filterchain>
                            <expandproperties/>
                     </filterchain>
              </copy>
              <copy todir="${aia.instance}/Infrastructure/LifeCycle/AIAHarvester/Harvester">
                     <fileset dir="${aia.home}/Infrastructure/LifeCycle/AIAHarvester/Harvester">
                            <include name="*.*"/>
                            <include name="plugins/*.*"/>
                            <exclude name="*.sh"/>
                            <exclude name="*.bat"/>
                            <exclude name="*.jar"/>
                     </fileset>
              </copy>
              <replace dir="${aia.instance}/Infrastructure/LifeCycle/Install/FPHarvest"
                       value="${aia.home}/Infrastructure/LifeCycle/AIAHarvester/META-INF/adf-config.xml">
                     <include name="HarvesterSettings*.xml"/>
                     <replacetoken>$adfConfig.location$</replacetoken>
              </replace>
               <copy file="${aia.home}/Infrastructure/Install/applications/AIALifeCycleArtifactsLink.war"
                     tofile="${aia.instance}/Infrastructure/Install/applications/AIALifeCycleArtifactsLink.war"
                     overwrite="true"></copy>
	      <chmod dir="${AIA_HOME}/Infrastructure/LifeCycle/AIAHarvester" perm="744" includes="**/*.sh"/>
              <if>
                     <equals arg1="${oer.server.publishtooer}" arg2="true"/>
                     <then>
                            <condition property="windows.or.unix"
                                       value="cmd.exe">
                                   <os family="windows"/>
                            </condition>
                            <condition property="windows.or.unix"
                                       value="/bin/sh">
                                   <os family="unix"/>
                            </condition>
                            <condition property="oerEncrypt"
                                       value="/c ${AIA_HOME}/Infrastructure/LifeCycle/AIAHarvester/Harvester/encrypt.bat">
                                   <os family="windows"/>
                            </condition>
                            <condition property="oerEncrypt"
                                       value="${AIA_HOME}/Infrastructure/LifeCycle/AIAHarvester/Harvester/encrypt.sh">
                                   <os family="unix"/>
                            </condition>
                            <for param="file">
                                   <path>
                                          <fileset dir="${aia.instance}/Infrastructure/LifeCycle/Install/FPHarvest"
                                                   includes="HarvesterSettings*.xml"/>
                                   </path>
                                   <sequential>
                                          <exec dir="${AIA_HOME}/Infrastructure/LifeCycle/AIAHarvester/Harvester"
                                                executable="${windows.or.unix}"
                                                outputproperty="encryptLog">
						 <env key="PATH" value="${env.JAVA_HOME}/bin:${env.PATH}"/>
                                                 <arg line="${oerEncrypt} @{file} @{file}"/>
                                          </exec>
                                   </sequential>
                            </for>
                            <exec dir="${AIA_HOME}/Infrastructure/LifeCycle/AIAHarvester/Harvester"
                                  executable="${windows.or.unix}"
                                  outputproperty="encryptLog">
   				   <env key="PATH" value="${env.JAVA_HOME}/bin:${env.PATH}"/>
                                   <arg line="${oerEncrypt} ${aia.instance}/Infrastructure/LifeCycle/AIAHarvester/Harvester/HarvesterSettings.xml ${aia.instance}/Infrastructure/LifeCycle/AIAHarvester/Harvester/HarvesterSettings.xml"/>
                            </exec>
                            <war destfile="${aia.instance}/Infrastructure/Install/applications/AIALifeCycleArtifactsLink.war"
                                 update="true">
			       	<classes dir="${aia.instance}/Infrastructure/LifeCycle/AIAHarvester/Harvester">
					<include name="HarvesterSettings.xml"/>
				</classes>
			    </war>  	
                     </then>
              </if>
             <!--  switch to use the central store, comment out here
              <condition property="windows.or.unix" value="cmd.exe">
                     <os family="windows"/>
              </condition>
              <condition property="windows.or.unix" value="/bin/sh">
                     <os family="unix"/>
              </condition>
              <condition property="encrypt"
                         value="/c ${AIA_HOME}/Infrastructure/LifeCycle/AIAHarvester/AIALifeCycleEncode.bat">
                     <os family="windows"/>
              </condition>
              <condition property="encrypt"
                         value="${AIA_HOME}/Infrastructure/LifeCycle/AIAHarvester/AIALifeCycleEncode.sh">
                     <os family="unix"/>
              </condition>
              <exec dir="${AIA_HOME}/Infrastructure/LifeCycle/AIAHarvester"
                    executable="${windows.or.unix}">
                     <env key="AIA_INSTANCE" value="${aia.instance}"/>
                     <arg line="${encrypt} -user ${fp.db.aialifecycle.username} -password ${fp.db.aialifecycle.password}"/>
              </exec>
                  -->
       </target>
</project>
