<?xml version="1.0" encoding="US-ASCII" ?>
<project name="DeploymentPlanGenerator" default="generate" basedir=".">
  <property environment="env"/>

	<path id="classpath">
		<fileset file="${env.AIA_HOME}/lib/DeploymentPlanGenerator.jar" />
		<fileset file="${env.MW_HOME}/oracle_common/modules/oracle.xdk_11.1.0/xmlparserv2.jar" />
	</path>
  <taskdef resource="net/sf/antcontrib/antlib.xml"/>
	<target name="generate">
    <if>
      <not>
      <isset property="Delimiter"/>
      </not>
      <then>
        <property name="Delimiter" value=""/>
      </then>
    </if>
    <if>
      <not>
      <isset property="AIAAltServices"/>
      </not>
      <then>
        <echo>AIAAltServices property not provided. Looking for the services under ${AIA_HOME}/services.</echo>
       <java classname="oracle.apps.aia.core.deploy.PlanGenerator" classpathref="classpath">
        <arg value="${input}"/> 
        <arg value="${ODIinput}"/> 
        <arg value="${DeploymentPlan}"/> 
        <arg value="${HarvesterSettings}"/>
        <sysproperty key="Delimiter" value="${Delimiter}"/>
        <sysproperty key="AIA_HOME" value="${env.AIA_HOME}"/>
      </java>
      </then>
      <else>

       <java classname="oracle.apps.aia.core.deploy.PlanGenerator" classpathref="classpath">
        <arg value="${input}"/> 
        <arg value="${ODIinput}"/> 
        <arg value="${DeploymentPlan}"/> 
        <arg value="${HarvesterSettings}"/>
        <sysproperty key="Delimiter" value="${Delimiter}"/>
        <sysproperty key="AIA_HOME" value="${env.AIA_HOME}"/>
        <sysproperty key="AIA_ALT_SERVICES" value="${AIAAltServices}"/>
      </java>    
      </else>
    </if>
	</target>
  
  	<target name="interactive">
	<!--<echo message="${env.AIA_HOME}" />-->
	<!--<echo message="${input} ${DeploymentPlan} ${HarvesterSettings}" />-->
      <if>
      <not>
      <isset property="Delimiter"/>
      </not>
      <then>
        <property name="Delimiter" value=""/>
      </then>
    </if>
    <if>
      <not>
      <isset property="AIAAltServices"/>
      </not>
      <then>
        <echo>AIAAltServices property not provided. Looking for the services under ${AIA_HOME}/services.</echo>
       <java classname="oracle.apps.aia.core.deploy.PlanGenerator" classpathref="classpath">
        <arg value="${input}"/> 
        <arg value="${ODIinput}"/> 
        <arg value="${DeploymentPlan}"/> 
        <arg value="${HarvesterSettings}"/>
        <arg value="interactive"/>
        <sysproperty key="AIA_HOME" value="${env.AIA_HOME}"/>
        <sysproperty key="Delimiter" value="${Delimiter}"/>
      </java>
      </then>
      <else>
       <java classname="oracle.apps.aia.core.deploy.PlanGenerator" classpathref="classpath">
        <arg value="${input}"/> 
        <arg value="${ODIinput}"/> 
        <arg value="${DeploymentPlan}"/> 
        <arg value="${HarvesterSettings}"/>
        <arg value="interactive"/>
        <sysproperty key="Delimiter" value="${Delimiter}"/>
        <sysproperty key="AIA_HOME" value="${env.AIA_HOME}"/>
        <sysproperty key="AIA_ALT_SERVICES" value="${AIAAltServices}"/>
      </java>    
      </else>
    </if>
	</target>

</project>
