<?xml version="1.0" encoding="UTF-8"?>
<project name="AIAInstallDriver" basedir="." default="usage">

 <property environment="env"/>
    <property name="AIA_HOME" value="${env.AIA_HOME}"/>
    <property name="SOA_HOME" value="${env.SOA_HOME}"/>
    <property name="MW_HOME" value="${MW_HOME}"/>
    <property name="AIA_ALT_SERVICES" value="${env.AIA_ALT_SERVICES}"/>

   <xmlproperty file="${PropertiesFile}" keeproot="false"/>

<import file="${AIA_HOME}/Infrastructure/Install/AID/lib/AIDAdapterConfigLibraryTasks.xml" />
<import file="${AIA_HOME}/Infrastructure/Install/AID/lib/AIDConfigurationLibraryTasks.xml" />
<import file="${AIA_HOME}/Infrastructure/Install/AID/lib/AIDDeploymentLibraryTasks.xml" />
<import file="${AIA_HOME}/Infrastructure/Install/AID/lib/AIDJMSResourcesLibraryTasks.xml" />
<import file="${AIA_HOME}/Infrastructure/Install/AID/lib/AIDHarvesterLibraryTasks.xml" />
<import file="${AIA_HOME}/Infrastructure/Install/AID/lib/AIDODIInstallTasks.xml" />

<macrodef name="ExtractDeploymentPlan" description="Macro to extract a part of the deployment plan and execute the same">
<Attribute name="deploymentFile" />
<Attribute name="componentName" /> 
<sequential>

       <property name="aia.instance" value="${AIA_HOME}/aia_instances/${aiainstance.name}"/>
        <property name="loglevel" value="info"/>


        <basename property="logfile" file="@{deploymentFile}" suffix=".xml"/>

        <tstamp>
                <format property="timestamp" pattern="yyyy-MM-dd_HH-mm-ss"/>
        </tstamp>
        <property name="aia.log.dir" location="${aia.instance}/logs"/>
        <mkdir dir="${aia.log.dir}"/>
        <record name="${aia.log.dir}/${logfile}_@{componentName}_${timestamp}.log" loglevel="${loglevel}" append="false" action="start"/>
        <echo> </echo>
        <echo> </echo>
        <echo> </echo>
        <echo message="Deployment log -- ${aia.log.dir}/${logfile}_@{componentName}_${timestamp}.log"/>


        <echo> </echo>
        <echo> </echo>
        <echo> === Executing @{componentName} of @{deploymentFile}=== </echo>
        <echo> </echo>
        <echo> </echo>

	<tempfile property="aidextractxsl.tempfile"  destdir="${application.tmpdir}"
                prefix="AIDExtractxsl_temp_" suffix=".xsl" />
      <concat destfile="${aidextractxsl.tempfile}">
        <path path="${AIA_HOME}/Infrastructure/Install/AID/lib/xsl/extractDeploymentPlan.xsl"/>
      </concat>
      <replace file="${aidextractxsl.tempfile}" token="componentname" value="@{componentName}" />
	
	<tempfile property="aidexecutedp.tempfile"  destdir="${application.tmpdir}"
                prefix="AIDExecuteDP_temp_" suffix=".xml" />
   
	  <xslt style="${aidextractxsl.tempfile}" in="@{deploymentFile}" out="${aidexecutedp.tempfile}" />
     <if>
     <equals arg1="@{componentName}" arg2="Deployments"/>
     <then> 
      <UpdateDeployedComposites partition="default" deploymentPlan="${aidexecutedp.tempfile}" redeploy="false"/>
      </then>
     </if>
     <ant antfile="${aidexecutedp.tempfile}" >
         <property name="extractedDPLocation" value="${aidexecutedp.tempfile}"/>
     </ant>
     <delete file="${aidexecutedp.tempfile}"/> 
    	 <delete file="${aidextractxsl.tempfile}" />
        <echo> </echo>
        <echo> === Completed @{componentName} of @{deploymentFile}=== </echo>
        <echo> </echo>

   <record name="${aia.log.dir}/${logfile}_@{componentName}_${timestamp}.log" loglevel="${loglevel}" append="false" action="stop"/>     
   <chmod file="${aia.log.dir}/${logfile}_@{componentName}_${timestamp}.log" perm="644"/>
   <condition property="contains.warn" >
   	<resourcecontains resource="${aia.log.dir}/${logfile}_@{componentName}_${timestamp}.log" substring="WARNING!!!" casesensitive="true"/>
   </condition>

</sequential>

</macrodef>
 
 
 
 
 
 
 <target name="InstallDeploymentPlan">
  
   <ExtractDeploymentPlan deploymentFile="${MainDeploymentPlan}" componentName="PreInstallScript" />
   <if>
      <isset property="SupplementaryDeploymentPlan"/>
      <then>
         <ExtractDeploymentPlan deploymentFile="${SupplementaryDeploymentPlan}" componentName="PreInstallScript" />
      </then>
   </if>
   <if>
      <isset property="CustomDeploymentPlan"/>
      <then>
         <ExtractDeploymentPlan deploymentFile="${CustomDeploymentPlan}" componentName="PreInstallScript" />
      </then>
   </if>
   <!--##################################################################################################-->
   <ExtractDeploymentPlan deploymentFile="${MainDeploymentPlan}" componentName="Configurations" />
   <if>
      <isset property="SupplementaryDeploymentPlan"/>
      <then>
         <ExtractDeploymentPlan deploymentFile="${SupplementaryDeploymentPlan}" componentName="Configurations" />
      </then>
   </if>
   <if>
      <isset property="CustomDeploymentPlan"/>
      <then>
         <ExtractDeploymentPlan deploymentFile="${CustomDeploymentPlan}" componentName="Configurations" />
      </then>
   </if>
   <!--##################################################################################################-->
   <ExtractDeploymentPlan deploymentFile="${MainDeploymentPlan}" componentName="Deployments" />
   <if>
      <isset property="SupplementaryDeploymentPlan"/>
      <then>
         <ExtractDeploymentPlan deploymentFile="${SupplementaryDeploymentPlan}" componentName="Deployments" />
      </then>
   </if>
   <if>
      <isset property="CustomDeploymentPlan"/>
      <then>
         <ExtractDeploymentPlan deploymentFile="${CustomDeploymentPlan}" componentName="Deployments" />
      </then>
   </if>
   <!--##################################################################################################-->
   <ExtractDeploymentPlan deploymentFile="${MainDeploymentPlan}" componentName="PostInstallScript" />
   <if>
      <isset property="SupplementaryDeploymentPlan"/>
      <then>
         <ExtractDeploymentPlan deploymentFile="${SupplementaryDeploymentPlan}" componentName="PostInstallScript" />
      </then>
   </if>
   <if>
      <isset property="CustomDeploymentPlan"/>
      <then>
         <ExtractDeploymentPlan deploymentFile="${CustomDeploymentPlan}" componentName="PostInstallScript" />
      </then>
   </if>
    
 </target>
 
 
 
 
 <target name="UninstallDeploymentPlan">
  
   <if>
      <isset property="CustomDeploymentPlan"/>
      <then>
         <ExtractDeploymentPlan deploymentFile="${CustomDeploymentPlan}" componentName="PreInstallScript" />
      </then>
   </if>
   <if>
      <isset property="SupplementaryDeploymentPlan"/>
      <then>
         <ExtractDeploymentPlan deploymentFile="${SupplementaryDeploymentPlan}" componentName="PreInstallScript" />
      </then>
   </if>
   <ExtractDeploymentPlan deploymentFile="${MainDeploymentPlan}" componentName="PreInstallScript" />
   <!--##################################################################################################-->

   <if>
      <isset property="CustomDeploymentPlan"/>
      <then>
         <ExtractDeploymentPlan deploymentFile="${CustomDeploymentPlan}" componentName="Deployments" />
      </then>
   </if>
   <if>
      <isset property="SupplementaryDeploymentPlan"/>
      <then>
         <ExtractDeploymentPlan deploymentFile="${SupplementaryDeploymentPlan}" componentName="Deployments" />
      </then>
   </if>
   <ExtractDeploymentPlan deploymentFile="${MainDeploymentPlan}" componentName="Deployments" />
   <!--##################################################################################################-->
   <if>
      <isset property="CustomDeploymentPlan"/>
      <then>
         <ExtractDeploymentPlan deploymentFile="${CustomDeploymentPlan}" componentName="Configurations" />
      </then>
   </if>
   <if>
      <isset property="SupplementaryDeploymentPlan"/>
      <then>
         <ExtractDeploymentPlan deploymentFile="${SupplementaryDeploymentPlan}" componentName="Configurations" />
      </then>
   </if>
   <ExtractDeploymentPlan deploymentFile="${MainDeploymentPlan}" componentName="Configurations" />
   <!--##################################################################################################-->
   <if>
      <isset property="CustomDeploymentPlan"/>
      <then>
         <ExtractDeploymentPlan deploymentFile="${CustomDeploymentPlan}" componentName="PostInstallScript" />
      </then>
   </if>
   <if>
      <isset property="SupplementaryDeploymentPlan"/>
      <then>
         <ExtractDeploymentPlan deploymentFile="${SupplementaryDeploymentPlan}" componentName="PostInstallScript" />
      </then>
   </if>
   <ExtractDeploymentPlan deploymentFile="${MainDeploymentPlan}" componentName="PostInstallScript" />

   
 </target>
 
  <target name="ApplyPolicyFile">
   <ExtractDeploymentPlan deploymentFile="${InputPolicyFile}" componentName="Conditions" />
 </target>
 
 <target name="PreInstallScript">
    <ExtractDeploymentPlan deploymentFile="${InputDeploymentPlan}" componentName="PreInstallScript" />
 </target>
 
 <target name="Configurations">
    <ExtractDeploymentPlan deploymentFile="${InputDeploymentPlan}" componentName="Configurations" />
 </target>

 <target name="Deployments">
    <ExtractDeploymentPlan deploymentFile="${InputDeploymentPlan}" componentName="Deployments" />
 </target>

 <target name="PostInstallScript">
    <ExtractDeploymentPlan deploymentFile="${InputDeploymentPlan}" componentName="PostInstallScript" />
 </target>
 
</project>
