<?xml version="1.0" encoding="UTF-8"?>
<project name="AIAInstallDriver" basedir="." default="Install">
  <!-- 
  This is the primary build file for AID it calls the other build files ie 
  1)AIADriverConfiguration.xml 2)AIADriverDeployment.xml 3)AIADriverScripts.xml
  in order and passes the deploymnet plan file as an argument to them
  -->
 <property environment="env"/>
    <property name="AIA_HOME" value="${env.AIA_HOME}"/>
    <property name="SOA_HOME" value="${env.SOA_HOME}"/>
    <property name="MW_HOME" value="${env.MW_HOME}"/>
    <property name="AIA_ALT_SERVICES" value="${env.AIA_ALT_SERVICES}"/>
    <fail message="Please set the WL_HOME as environment variable">
        <condition>
                       <not>
                       <isset property="env.WL_HOME" />
                      </not>
        </condition>
    </fail>
    <property name="WL_HOME" value="${env.WL_HOME}"/>
    <!-- xmlproperty file="${AIA_HOME}/config/AIAInstallProperties.xml"
              keeproot="false"/ -->
     <xmlproperty file="${PropertiesFile}" keeproot="false"/>	
              
    <taskdef resource="net/sf/antcontrib/antcontrib.properties">
      <classpath>
                <pathelement location="${AIA_HOME}/AIALibraryTasks.jar" />
                <pathelement location="${WL_HOME}/server/lib/weblogic.jar" />
                <pathelement location="${MW_HOME}/oracle_common/modules/oracle.xdk_11.1.0/xmlparserv2.jar" />
       </classpath>
    </taskdef>


    <import file="${AIA_HOME}/Infrastructure/Install/AID/AIATaskDef.xml" />
    <AIAXmlProperty aiahome="${AIA_HOME}"/>

<fail message="ERROR !!! AIA_INSTANCE is not defined in AIAInstallProperties.xml file">
        <condition>
               <not>
                <isset property="aiainstance.name"  />
              </not>
        </condition>
</fail>



<fail message="ERROR !!! PropertiesFile is not passed as an argument to AIA Install Driver">
	<condition>
		<not>
			<isset property="PropertiesFile"  />
		</not>
	</condition>
</fail>
<fail message="ERROR !!! DeploymentPlan is not passed as an argument to AIA Install Driver">
	<condition>
		<not>
			<isset property="DeploymentPlan"/>
		</not>
	</condition>
</fail>

<xmlproperty file="${AIA_HOME}/aia_instances/${aiainstance.name}/config/AIAInstallDefaultProperties.xml" keeproot="false"/>


   <target name="Install">
   
    <if>
          <isset property="DeploymentPolicyFile"/>
          <then>
            <echo>====================================================</echo>
            <echo>DeploymentPolicy file ="${DeploymentPolicyFile}"    </echo>
            <echo>====================================================</echo>
	          
            <!-- Naming convention of conditional deployment plan being set to "<DeploymentPlanFileName>-Conditional.xml" -->
            <propertyregex property="ConditionalDeploymentPlan"
                input="${DeploymentPlan}"
                regexp="\.xml" 
                replace="-Conditional\.xml"
                casesensitive="false" />
              
                <!-- Creating a copy of the original deployment plan -->
                <copy file="${DeploymentPlan}" tofile="${ConditionalDeploymentPlan}"/>
              
                <echo>==============================================================</echo>
                <echo>ConditionalDeploymentPlan file ="${ConditionalDeploymentPlan}"</echo>
                <echo>==============================================================</echo>
          
            <!-- Apply policy file on the conditional deployment plan -->
            
            <antfetch antfile="${AIA_HOME}/Infrastructure/Install/AID/AIAExecuteDriver.xml" target="ApplyPolicyFile" return="contains.warn">
                <property name="InputPolicyFile" value="${DeploymentPolicyFile}"/>
            </antfetch>            
           
          </then>          
    </if>
      
    <if>
         <and>
             <isset property="SupplementaryDeploymentPlan"/>
             <isset property="CustomDeploymentPlan"/>
         </and>
         <then>
             <if>
                <isset property="ConditionalDeploymentPlan"/>
                <then>
                    <antfetch antfile="${AIA_HOME}/Infrastructure/Install/AID/AIAExecuteDriver.xml" target="InstallDeploymentPlan" return="contains.warn" >
                      <property name="MainDeploymentPlan" value="${ConditionalDeploymentPlan}"/>
                      <property name="SupplementaryDeploymentPlan" value="${SupplementaryDeploymentPlan}"/>
                      <property name="CustomDeploymentPlan" value="${CustomDeploymentPlan}"/>
                    </antfetch>
                </then>             
                <else>
                  <antfetch antfile="${AIA_HOME}/Infrastructure/Install/AID/AIAExecuteDriver.xml" target="InstallDeploymentPlan" return="contains.warn" >
                    <property name="MainDeploymentPlan" value="${DeploymentPlan}"/>
                    <property name="SupplementaryDeploymentPlan" value="${SupplementaryDeploymentPlan}"/>
                    <property name="CustomDeploymentPlan" value="${CustomDeploymentPlan}"/>
                  </antfetch>
                </else>
            </if>
         </then>
         <elseif>
             <isset property="SupplementaryDeploymentPlan"/>
             <then>
                <if>
                  <isset property="ConditionalDeploymentPlan"/>
                  <then>
                    <antfetch antfile="${AIA_HOME}/Infrastructure/Install/AID/AIAExecuteDriver.xml" target="InstallDeploymentPlan" return="contains.warn" >
                      <property name="MainDeploymentPlan" value="${ConditionalDeploymentPlan}"/>
                      <property name="SupplementaryDeploymentPlan" value="${SupplementaryDeploymentPlan}"/>
                    </antfetch>
                  </then>
                  <else>
                    <antfetch antfile="${AIA_HOME}/Infrastructure/Install/AID/AIAExecuteDriver.xml" target="InstallDeploymentPlan" return="contains.warn" >
                      <property name="MainDeploymentPlan" value="${DeploymentPlan}"/>
                      <property name="SupplementaryDeploymentPlan" value="${SupplementaryDeploymentPlan}"/>
                    </antfetch>
                  </else>                
                </if>
              </then>
         </elseif>
         <elseif>
             <isset property="CustomDeploymentPlan"/>
             <then>
                <if>
                  <isset property="ConditionalDeploymentPlan"/>
                  <then>
                    <antfetch antfile="${AIA_HOME}/Infrastructure/Install/AID/AIAExecuteDriver.xml" target="InstallDeploymentPlan" return="contains.warn" >
                      <property name="MainDeploymentPlan" value="${ConditionalDeploymentPlan}"/>
                      <property name="CustomDeploymentPlan" value="${CustomDeploymentPlan}"/>
                    </antfetch>
                  </then>
                  <else>
                    <antfetch antfile="${AIA_HOME}/Infrastructure/Install/AID/AIAExecuteDriver.xml" target="InstallDeploymentPlan" return="contains.warn" >
                      <property name="MainDeploymentPlan" value="${DeploymentPlan}"/>
                      <property name="CustomDeploymentPlan" value="${CustomDeploymentPlan}"/>
                    </antfetch>
                  </else>
                </if>
              </then>
         </elseif>
         <else>
             <if>                
                <isset property="ConditionalDeploymentPlan"/>                
                <then>
                  <antfetch antfile="${AIA_HOME}/Infrastructure/Install/AID/AIAExecuteDriver.xml" target="InstallDeploymentPlan" return="contains.warn" >
                    <property name="MainDeploymentPlan" value="${ConditionalDeploymentPlan}"/>
                  </antfetch>
                </then>
                <else>
                  <antfetch antfile="${AIA_HOME}/Infrastructure/Install/AID/AIAExecuteDriver.xml" target="InstallDeploymentPlan" return="contains.warn" >
                    <property name="MainDeploymentPlan" value="${DeploymentPlan}"/>
                  </antfetch>
                </else>
              </if>
         </else>
    </if>

   <if>
      <isset property="contains.warn"/>
      <then>
  
      <echo>=============================================================</echo>
      <echo>There are some WARNING messages in log.</echo>
      <echo>Please check the install log to ensure complete installation.</echo>
      <echo>=============================================================</echo>
      </then>
   </if> 
   </target>
   
   
   <target name="usage">
       <echo> For installing FP/PIP, invoke the driver as below: 
	           ant -f AIAInstallDriver.xml -DDeploymentPlan=#deployment_file_path# -DSupplementaryDeploymentPlan=#SupplementaryDP_file_path# -DCustomDeploymentPlan=#customDP_file_path# -DPropertiesFile=#properties_file_path# -DDeploymentPolicyFile=#deployment_policy_file_path# Install
			   
			  For uninstalling FP/PIP, invoke the driver as below: 
	           ant -f AIAInstallDriver.xml -DDeploymentPlan=#deployment_file_path# -DSupplementaryDeploymentPlan=#SupplementaryDP_file_path# -DCustomDeploymentPlan=#customDP_file_path# -DPropertiesFile=#properties_file_path# -DDeploymentPolicyFile=#deployment_policy_file_path# Uninstall 
			   
			  For more options:
               ant -f AIAInstallDriver.xml options			  
	   </echo>
   </target> 
   
   <target name="Uninstall">

    <if>
          <isset property="DeploymentPolicyFile"/>
          <then>
            <echo>====================================================</echo>
            <echo>DeploymentPolicy file ="${DeploymentPolicyFile}"    </echo>
            <echo>====================================================</echo>
	          
            <!-- Naming convention of conditional deployment plan being set to "<DeploymentPlanFileName>-Conditional.xml" -->
            <propertyregex property="ConditionalDeploymentPlan"
                input="${DeploymentPlan}"
                regexp="\.xml" 
                replace="-Conditional\.xml"
                casesensitive="false" />
              
                <!-- Creating a copy of the original deployment plan -->
                <copy file="${DeploymentPlan}" tofile="${ConditionalDeploymentPlan}"/>
              
                <echo>==============================================================</echo>
                <echo>ConditionalDeploymentPlan file ="${ConditionalDeploymentPlan}"</echo>
                <echo>==============================================================</echo>
          
            <!-- Apply policy file on the conditional deployment plan -->
            
            <antfetch antfile="${AIA_HOME}/Infrastructure/Install/AID/AIAExecuteDriver.xml" target="ApplyPolicyFile" return="contains.warn">
                <property name="InputPolicyFile" value="${DeploymentPolicyFile}"/>
            </antfetch>            
           
          </then>          
    </if>


    <if>
         <and>
             <isset property="SupplementaryDeploymentPlan"/>
             <isset property="CustomDeploymentPlan"/>
         </and>
         <then>
             <if>                
                <isset property="ConditionalDeploymentPlan"/>                
                <then> 
                  <antfetch antfile="${AIA_HOME}/Infrastructure/Install/AID/AIAExecuteDriver.xml" target="UninstallDeploymentPlan" return="contains.warn" >
                    <property name="MainDeploymentPlan" value="${ConditionalDeploymentPlan}"/>
                    <property name="SupplementaryDeploymentPlan" value="${SupplementaryDeploymentPlan}"/>
                    <property name="CustomDeploymentPlan" value="${CustomDeploymentPlan}"/>
                  </antfetch>
                </then>
                <else>
                  <antfetch antfile="${AIA_HOME}/Infrastructure/Install/AID/AIAExecuteDriver.xml" target="UninstallDeploymentPlan" return="contains.warn" >
                    <property name="MainDeploymentPlan" value="${DeploymentPlan}"/>
                    <property name="SupplementaryDeploymentPlan" value="${SupplementaryDeploymentPlan}"/>
                    <property name="CustomDeploymentPlan" value="${CustomDeploymentPlan}"/>
                  </antfetch>
                </else>
            </if>
         </then>
         <elseif>
              <isset property="SupplementaryDeploymentPlan"/>
              <then>
                <if>                
                  <isset property="ConditionalDeploymentPlan"/>                
                  <then>  
                      <antfetch antfile="${AIA_HOME}/Infrastructure/Install/AID/AIAExecuteDriver.xml" target="UninstallDeploymentPlan" return="contains.warn" >
                        <property name="MainDeploymentPlan" value="${ConditionalDeploymentPlan}"/>
                        <property name="SupplementaryDeploymentPlan" value="${SupplementaryDeploymentPlan}"/>
                      </antfetch>
                  </then>
                  <else>
                      <antfetch antfile="${AIA_HOME}/Infrastructure/Install/AID/AIAExecuteDriver.xml" target="UninstallDeploymentPlan" return="contains.warn" >
                        <property name="MainDeploymentPlan" value="${DeploymentPlan}"/>
                        <property name="SupplementaryDeploymentPlan" value="${SupplementaryDeploymentPlan}"/>
                      </antfetch>
                  </else>
                </if>
              </then>
         </elseif>
         <elseif>
             <isset property="CustomDeploymentPlan"/>
             <then>
                 <if>                
                    <isset property="ConditionalDeploymentPlan"/>                
                    <then>
                      <antfetch antfile="${AIA_HOME}/Infrastructure/Install/AID/AIAExecuteDriver.xml" target="UninstallDeploymentPlan" return="contains.warn" >
                          <property name="MainDeploymentPlan" value="${ConditionalDeploymentPlan}"/>
                          <property name="CustomDeploymentPlan" value="${CustomDeploymentPlan}"/>
                      </antfetch>
                    </then>
                    <else>
                      <antfetch antfile="${AIA_HOME}/Infrastructure/Install/AID/AIAExecuteDriver.xml" target="UninstallDeploymentPlan" return="contains.warn" >
                          <property name="MainDeploymentPlan" value="${DeploymentPlan}"/>
                          <property name="CustomDeploymentPlan" value="${CustomDeploymentPlan}"/>
                      </antfetch>
                    </else>
                </if>
            </then>
         </elseif>
         <else>
            <if>                
              <isset property="ConditionalDeploymentPlan"/> 
              <then>
                <antfetch antfile="${AIA_HOME}/Infrastructure/Install/AID/AIAExecuteDriver.xml" target="UninstallDeploymentPlan" return="contains.warn" >
                  <property name="MainDeploymentPlan" value="${ConditionalDeploymentPlan}"/>
                </antfetch>
              </then>    
              <else>
                <antfetch antfile="${AIA_HOME}/Infrastructure/Install/AID/AIAExecuteDriver.xml" target="UninstallDeploymentPlan" return="contains.warn" >
                  <property name="MainDeploymentPlan" value="${DeploymentPlan}"/>
                </antfetch>
              </else>
            </if>
         </else>
    </if>
   <if>
      <isset property="contains.warn"/>
      <then>
  
      <echo>===============================================================</echo>
      <echo>There are some WARNING messages in log.</echo>
      <echo>Please check the uninstall log to ensure complete uninstallation.</echo>
      <echo>===============================================================</echo>
      </then>
   </if> 
   </target>
   
     <target name="PreInstallScript">
   
		  <echo>======================================</echo>
		  <echo>DeploymentPlan file ="${DeploymentPlan}"</echo>
		  <echo>======================================</echo>

<!--
		   <copy file="${AIA_HOME}/Infrastructure/Install/templates/AIAInstallDefaultProperties.xml.tmpl" tofile="${AIA_HOME}/Infrastructure/Install/AID/AIAInstallDefaultProperties.xml" overwrite="true">
		 <filterchain>
			<expandproperties/>
		 </filterchain> 
	   </copy>  
-->

		  <antfetch antfile="${AIA_HOME}/Infrastructure/Install/AID/AIAExecuteDriver.xml" target="PreInstallScript" return="contains.warn" >
			<property name="InputDeploymentPlan" value="${DeploymentPlan}"/>
		</antfetch>
   <if>
      <isset property="contains.warn"/>
      <then>
  
      <echo>=====================================================</echo>
      <echo>There are some WARNING messages in log.</echo>
      <echo>Please check the log to ensure complete installation.</echo>
      <echo>=====================================================</echo>
      </then>
   </if> 
   </target>
   
     <target name="Configurations">
   
		  <echo>======================================</echo>
		  <echo>DeploymentPlan file ="${DeploymentPlan}"</echo>
		  <echo>======================================</echo>

<!--
		   <copy file="${AIA_HOME}/Infrastructure/Install/templates/AIAInstallDefaultProperties.xml.tmpl" tofile="${AIA_HOME}/Infrastructure/Install/AID/AIAInstallDefaultProperties.xml" overwrite="true">
		 <filterchain>
			<expandproperties/>
		 </filterchain> 
	   </copy>  
-->

		  <antfetch antfile="${AIA_HOME}/Infrastructure/Install/AID/AIAExecuteDriver.xml" target="Configurations" return="contains.warn" >
			<property name="InputDeploymentPlan" value="${DeploymentPlan}"/>
		</antfetch>
   <if>
      <isset property="contains.warn"/>
      <then>
  
      <echo>=====================================================</echo>
      <echo>There are some WARNING messages in log.</echo>
      <echo>Please check the log to ensure complete installation.</echo>
      <echo>=====================================================</echo>
      </then>
   </if> 
   </target>
   
   
     <target name="Deployments">
   
		  <echo>======================================</echo>
		  <echo>DeploymentPlan file ="${DeploymentPlan}"</echo>
		  <echo>======================================</echo>

<!--
		   <copy file="${AIA_HOME}/Infrastructure/Install/templates/AIAInstallDefaultProperties.xml.tmpl" tofile="${AIA_HOME}/Infrastructure/Install/AID/AIAInstallDefaultProperties.xml" overwrite="true">
		 <filterchain>
			<expandproperties/>
		 </filterchain> 
	   </copy>  
-->

		  <antfetch antfile="${AIA_HOME}/Infrastructure/Install/AID/AIAExecuteDriver.xml" target="Deployments" return="contains.warn" >
			<property name="InputDeploymentPlan" value="${DeploymentPlan}"/>
		</antfetch>
   <if>
      <isset property="contains.warn"/>
      <then>
  
      <echo>=====================================================</echo>
      <echo>There are some WARNING messages in log.</echo>
      <echo>Please check the log to ensure complete installation.</echo>
      <echo>=====================================================</echo>
      </then>
   </if> 
   </target>
   
     <target name="PostInstallScript">
   
		  <echo>======================================</echo>
		  <echo>DeploymentPlan file ="${DeploymentPlan}"</echo>
		  <echo>======================================</echo>

<!--
		   <copy file="${AIA_HOME}/Infrastructure/Install/templates/AIAInstallDefaultProperties.xml.tmpl" tofile="${AIA_HOME}/Infrastructure/Install/AID/AIAInstallDefaultProperties.xml" overwrite="true">
		 <filterchain>
			<expandproperties/>
		 </filterchain> 
	   </copy>  
-->

		  <antfetch antfile="${AIA_HOME}/Infrastructure/Install/AID/AIAExecuteDriver.xml" target="PostInstallScript" return="contains.warn" >
			<property name="InputDeploymentPlan" value="${DeploymentPlan}"/>
		</antfetch>
   <if>
      <isset property="contains.warn"/>
      <then>
  
      <echo>=====================================================</echo>
      <echo>There are some WARNING messages in log.</echo>
      <echo>Please check the log to ensure complete installation.</echo>
      <echo>=====================================================</echo>
      </then>
   </if> 
   </target>
   
   
   
</project>
