<?xml version="1.0" encoding="windows-1252" ?>
<!--Ant buildfile for import seed data-->

<project name="AIAImportSeedData" default="all" basedir=".">
 <property environment="env"/>
 <property name="AIA_HOME" value="${env.AIA_HOME}"/>
 <property name="aia.home" value="${env.AIA_HOME}"/>
 <property name="aiainstance.name" value="${env.AIA_INSTANCE}"/>

 <fail message="Please set the AIA_HOME as environment variable">
              <condition>
                     <not>
                            <isset property="env.AIA_HOME"/>
                     </not>
              </condition>
 </fail>
 <fail unless="plwfile">You must specify the plwfile properties </fail>

  <echo> AIA HOME: ${aia.home}</echo>
  <echo> AIA Instance:  ${aiainstance.name}</echo>
  <echo> Importing ${plwfile}</echo>
 <fail message="ERROR !!! AIA_INSTANCE is undefined">
              <condition>
                     <not>
                            <isset property="aiainstance.name"/>
                     </not>
              </condition>
 </fail>
 <condition property="windows.or.unix" value="cmd.exe">
    <os family="windows"/>
 </condition>
 <condition property="windows.or.unix" value="/bin/sh">
    <os family="unix"/>
 </condition>
 <condition property="import"
value="/c ${AIA_HOME}/Infrastructure/LifeCycle/PLWImExport/PLWImport.bat">
                     <os family="windows"/>
 </condition>
  <condition property="import"
                         value="${AIA_HOME}/Infrastructure/LifeCycle/PLWImExport/PLWImport.sh">
                     <os family="unix"/>
  </condition>
 <target name="all" description="Import seed data" > 
   <echo>Executing ${import} -f ${plwfile} </echo>
   <echo>Shell: ${windows.or.unix} </echo>

  <exec dir="." output="plwout.txt"
                 executable="${windows.or.unix}" failonerror="true">
                     <env key="AIA_INSTANCE" value="${aiainstance.name}"/>
                     <arg line="${import} -f ${plwfile}"/>
  </exec>
			 

 </target>
</project>
